ID,d,p,c,o,f,g,s,t,notes
1,Archaea,Thermoproteota,Nitrososphaeria,Nitrososphaerales,Nitrosopumilaceae,CSP1-1,CSP1-1 sp001443365,GCA_001443365.1,
2,Archaea,Thermoproteota,Nitrososphaeria,Nitrososphaerales,Nitrosopumilaceae,Nitrosarchaeum,Nitrosarchaeum sp002737445,GCA_002737445.1,
3,Archaea,Thermoproteota,Nitrososphaeria,Nitrososphaerales,Nitrosopumilaceae,Nitrosarchaeum,Nitrosarchaeum sp003569705,GCA_003569705.1,
4,Archaea,Thermoproteota,Nitrososphaeria,Nitrososphaerales,Nitrosopumilaceae,Nitrosarchaeum,Nitrosarchaeum sp938049695,GCA_938049695.1,
5,Archaea,Thermoproteota,Nitrososphaeria,Nitrososphaerales,Nitrosopumilaceae,Nitrosopumilus,Nitrosopumilus limneticus,GCA_022117465.1,
6,Bacteria,Acidobacteriota,Holophagae,Holophagales,Holophagaceae,UBA12189,UBA12189 sp014189895,GCA_014189895.1,
7,Bacteria,Acidobacteriota,Terriglobia,Bryobacterales,Bryobacteraceae,Ga0077553,Ga0077553 sp026394015,GCA_026394015.1,
8,Bacteria,Acidobacteriota,Terriglobia,Bryobacterales,Bryobacteraceae,Ga0077553,Ga0077553 sp947505565,GCA_947505565.1,
9,Bacteria,Acidobacteriota,Terriglobia,Bryobacterales,Bryobacteraceae,Palsa-187,Palsa-187 sp945861625,GCA_945861625.1,
10,Bacteria,Acidobacteriota,Vicinamibacteria,Vicinamibacterales,UBA2999,12-FULL-67-14b,12-FULL-67-14b sp002737365,GCA_002737365.1,
11,Bacteria,Actinomycetota,Acidimicrobiia,Acidimicrobiales,CAIXPF01,CAIXPF01,CAIXPF01 sp947476745,GCA_947476745.1,
12,Bacteria,Actinomycetota,Acidimicrobiia,Acidimicrobiales,Ilumatobacteraceae,BACL27,BACL27 sp016462185,GCA_016462185.1,
13,Bacteria,Actinomycetota,Acidimicrobiia,Acidimicrobiales,Ilumatobacteraceae,BACL27,BACL27 sp016463105,GCA_016463105.1,
14,Bacteria,Actinomycetota,Acidimicrobiia,Acidimicrobiales,Ilumatobacteraceae,BACL27,BACL27 sp945861325,GCA_945861325.1,
15,Bacteria,Actinomycetota,Acidimicrobiia,Acidimicrobiales,Ilumatobacteraceae,BACL27,BACL27 sp945862025,GCA_945862025.1,
16,Bacteria,Actinomycetota,Acidimicrobiia,Acidimicrobiales,Ilumatobacteraceae,BACL27,BACL27 sp945885515,GCA_945885515.1,
17,Bacteria,Actinomycetota,Acidimicrobiia,Acidimicrobiales,Ilumatobacteraceae,Casp-actino8,Casp-actino8 sp009694465,GCA_009694465.1,
18,Bacteria,Actinomycetota,Acidimicrobiia,Acidimicrobiales,Ilumatobacteraceae,Casp-actino8,Casp-actino8 sp945862545,GCA_945862545.1,
19,Bacteria,Actinomycetota,Acidimicrobiia,Acidimicrobiales,Ilumatobacteraceae,Casp-actino8,Casp-actino8 sp945896935,GCA_945896935.1,
20,Bacteria,Actinomycetota,Acidimicrobiia,Acidimicrobiales,Ilumatobacteraceae,F1-20-MAGs119,F1-20-MAGs119 sp013205145,GCA_013205145.1,
21,Bacteria,Actinomycetota,Acidimicrobiia,Acidimicrobiales,Ilumatobacteraceae,F1-60-MAGs027,F1-60-MAGs027 sp016463775,GCA_016463775.1,
22,Bacteria,Actinomycetota,Acidimicrobiia,Acidimicrobiales,Ilumatobacteraceae,UBA2093,UBA2093 sp016463545,GCA_016463545.1,
23,Bacteria,Actinomycetota,Acidimicrobiia,Acidimicrobiales,Ilumatobacteraceae,UBA3006,UBA3006 sp027592925,GCA_027592925.1,
24,Bacteria,Actinomycetota,Acidimicrobiia,Acidimicrobiales,Ilumatobacteraceae,UBA3006,UBA3006 sp903895515,GCA_903895515.1,
25,Bacteria,Actinomycetota,Acidimicrobiia,Acidimicrobiales,Ilumatobacteraceae,VFMC01,VFMC01 sp026393475,GCA_026393475.1,
26,Bacteria,Actinomycetota,Acidimicrobiia,Acidimicrobiales,Ilumatobacteraceae,WLJO01,WLJO01 sp945889085,GCA_945889085.1,
27,Bacteria,Actinomycetota,Acidimicrobiia,Acidimicrobiales,Ilumatobacteraceae,WLMZ01,WLMZ01 sp945861025,GCA_945861025.1,
28,Bacteria,Actinomycetota,Acidimicrobiia,Acidimicrobiales,JACDCH01,VFJN01,VFJN01 sp009886035,GCA_009886035.1,
29,Bacteria,Actinomycetota,Acidimicrobiia,Acidimicrobiales,Microtrichaceae,IMCC26207,IMCC26207 sp945888825,GCA_945888825.1,
30,Bacteria,Actinomycetota,Acidimicrobiia,Acidimicrobiales,UBA8139,F1-20-MAGs160,F1-20-MAGs160 sp016462055,GCA_016462055.1,
31,Bacteria,Actinomycetota,Acidimicrobiia,Acidimicrobiales,WLNW01,WLNW01,WLNW01 sp009699605,GCA_009699605.1,
32,Bacteria,Actinomycetota,Acidimicrobiia,IMCC26256,IMCC26256,IMCC26256,IMCC26256 sp943328625,GCA_943328625.2,
33,Bacteria,Actinomycetota,Acidimicrobiia,IMCC26256,IMCC26256,IMCC26256,IMCC26256 sp945907055,GCA_945907055.1,
34,Bacteria,Actinomycetota,Acidimicrobiia,IMCC26256,PALSA-555,SHUY01,SHUY01 sp009694435,GCA_009694435.1,
35,Bacteria,Actinomycetota,Actinomycetes,Actinomycetales,Dermatophilaceae,Pedococcus,Pedococcus sp001426245,GCF_001426245.1,
36,Bacteria,Actinomycetota,Actinomycetes,Actinomycetales,Microbacteriaceae,Herbiconiux,Herbiconiux sp023264855,GCF_023264855.1,
37,Bacteria,Actinomycetota,Actinomycetes,Actinomycetales,Microbacteriaceae,MWH-TA3,MWH-TA3 sp016463265,GCA_016463265.1,
38,Bacteria,Actinomycetota,Actinomycetes,Actinomycetales,Microbacteriaceae,Microbacterium,Microbacterium maritypicum,GCA_008868125.1,
39,Bacteria,Actinomycetota,Actinomycetes,Actinomycetales,Microbacteriaceae,Microbacterium,Microbacterium oxydans,GCF_006540085.1,
40,Bacteria,Actinomycetota,Actinomycetes,Actinomycetales,Microbacteriaceae,Microbacterium,Microbacterium sp000411455,GCF_000411455.1,
41,Bacteria,Actinomycetota,Actinomycetes,Actinomycetales,Microbacteriaceae,Microbacterium,Microbacterium sp001897105,GCF_017306415.1,
42,Bacteria,Actinomycetota,Actinomycetes,Actinomycetales,Microbacteriaceae,Microbacterium,Microbacterium sp002456035,GCF_904066215.1,
43,Bacteria,Actinomycetota,Actinomycetes,Actinomycetales,Microbacteriaceae,Microbacterium,Microbacterium sp005774735,GCF_005774735.1,
44,Bacteria,Actinomycetota,Actinomycetes,Actinomycetales,Microbacteriaceae,Rhodoglobus,Rhodoglobus sp020160915,GCA_020160915.1,
45,Bacteria,Actinomycetota,Actinomycetes,Actinomycetales,Microbacteriaceae,Rhodoglobus,Rhodoglobus sp903920435,GCA_903920435.1,
46,Bacteria,Actinomycetota,Actinomycetes,Actinomycetales,Microbacteriaceae,Rhodoluna,Rhodoluna sp016462375,GCA_016462375.1,
47,Bacteria,Actinomycetota,Actinomycetes,Actinomycetales,Micrococcaceae,Arthrobacter,Arthrobacter nicotinovorans,GCF_021919345.1,
48,Bacteria,Actinomycetota,Actinomycetes,Actinomycetales,Micrococcaceae,Arthrobacter,Arthrobacter sp000281065,GCF_000281065.1,
49,Bacteria,Actinomycetota,Actinomycetes,Mycobacteriales,Geodermatophilaceae,Klenkia,Klenkia terrae,GCF_900491935.1,
50,Bacteria,Actinomycetota,Actinomycetes,Mycobacteriales,Mycobacteriaceae,Mycobacterium,Mycobacterium ahvazicum,GCF_900176255.2,
51,Bacteria,Actinomycetota,Actinomycetes,Mycobacteriales,Mycobacteriaceae,Mycobacterium,Mycobacterium lentiflavum,GCF_022374895.2,
52,Bacteria,Actinomycetota,Actinomycetes,Mycobacteriales,Mycobacteriaceae,Mycobacterium,Mycobacterium paragordonae,GCF_003614435.1,
53,Bacteria,Actinomycetota,Actinomycetes,Mycobacteriales,Mycobacteriaceae,Mycobacterium,Mycobacterium phocaicum,GCF_010731115.1,
54,Bacteria,Actinomycetota,Actinomycetes,Mycobacteriales,Mycobacteriaceae,Mycobacterium,Mycobacterium sp002863225,GCF_002863225.1,
55,Bacteria,Actinomycetota,Actinomycetes,Mycobacteriales,Mycobacteriaceae,Mycobacterium,Mycobacterium sp016462945,GCF_016462945.1,
56,Bacteria,Actinomycetota,Actinomycetes,Mycobacteriales,Mycobacteriaceae,Mycobacterium,Mycobacterium sp026393245,GCA_026393245.1,
57,Bacteria,Actinomycetota,Actinomycetes,Mycobacteriales,Mycobacteriaceae,Mycobacterium,Mycobacterium sp903911165,GCA_903911165.1,
58,Bacteria,Actinomycetota,Actinomycetes,Mycobacteriales,Mycobacteriaceae,Mycobacterium,Mycobacterium sp945882475,GCA_945882475.1,
59,Bacteria,Actinomycetota,Actinomycetes,Mycobacteriales,Mycobacteriaceae,Nocardia,Nocardia sp019266065,GCF_019266065.1,
60,Bacteria,Actinomycetota,Actinomycetes,Mycobacteriales,Mycobacteriaceae,Rhodococcus,Rhodococcus erythropolis_D,GCF_016598535.1,
61,Bacteria,Actinomycetota,Actinomycetes,Mycobacteriales,Mycobacteriaceae,Rhodococcus,Rhodococcus erythropolis,GCF_001552595.1,
62,Bacteria,Actinomycetota,Actinomycetes,Mycobacteriales,Mycobacteriaceae,Rhodococcus,Rhodococcus fascians,GCF_001894785.1,
63,Bacteria,Actinomycetota,Actinomycetes,Mycobacteriales,Mycobacteriaceae,Rhodococcus,Rhodococcus qingshengii,GCF_023221595.1,
64,Bacteria,Actinomycetota,Actinomycetes,Mycobacteriales,Mycobacteriaceae,Rhodococcus,Rhodococcus sp001647195,GCF_001647195.1,
65,Bacteria,Actinomycetota,Actinomycetes,Mycobacteriales,Mycobacteriaceae,Williamsia_A,Williamsia_A herbipolensis,GCF_000964005.1,
66,Bacteria,Actinomycetota,Actinomycetes,Mycobacteriales,Mycobacteriaceae,Williamsia_A,Williamsia_A sp016462415,GCF_016462415.1,
67,Bacteria,Actinomycetota,Actinomycetes,Mycobacteriales,Mycobacteriaceae,Williamsia,Williamsia muralis,GCF_001598915.1,
68,Bacteria,Actinomycetota,Actinomycetes,Nanopelagicales,Nanopelagicaceae,MAG-120802,MAG-120802 sp937883945,GCA_937883945.1,
69,Bacteria,Actinomycetota,Actinomycetes,Nanopelagicales,Nanopelagicaceae,Nanopelagicus,Nanopelagicus abundans,GCF_002288305.1,
70,Bacteria,Actinomycetota,Actinomycetes,Nanopelagicales,Nanopelagicaceae,Nanopelagicus,Nanopelagicus sp009691185,GCA_009691185.1,
71,Bacteria,Actinomycetota,Actinomycetes,Nanopelagicales,Nanopelagicaceae,Nanopelagicus,Nanopelagicus sp016462445,GCA_016462445.1,
72,Bacteria,Actinomycetota,Actinomycetes,Nanopelagicales,Nanopelagicaceae,Planktophila,Planktophila sp000378885,GCA_000378885.1,
73,Bacteria,Actinomycetota,Actinomycetes,Nanopelagicales,Nanopelagicaceae,Planktophila,Planktophila sp002284895,GCA_002284895.1,
74,Bacteria,Actinomycetota,Actinomycetes,Nanopelagicales,Nanopelagicaceae,Planktophila,Planktophila sp009699645,GCA_009699645.1,
75,Bacteria,Actinomycetota,Actinomycetes,Nanopelagicales,Nanopelagicaceae,Planktophila,Planktophila sp009701945,GCA_009701945.1,
76,Bacteria,Actinomycetota,Actinomycetes,Nanopelagicales,Nanopelagicaceae,Planktophila,Planktophila sp013205535,GCA_013205535.1,
77,Bacteria,Actinomycetota,Actinomycetes,Nanopelagicales,Nanopelagicaceae,Planktophila,Planktophila sp015660815,GCA_015660815.1,
78,Bacteria,Actinomycetota,Actinomycetes,Nanopelagicales,Nanopelagicaceae,Planktophila,Planktophila sp945898065,GCA_945898065.1,
79,Bacteria,Actinomycetota,Actinomycetes,Nanopelagicales,Nanopelagicaceae,QYPT01,QYPT01 sp945884695,GCA_945884695.1,
80,Bacteria,Actinomycetota,Actinomycetes,Nanopelagicales,Nanopelagicaceae,UBA7398,UBA7398 sp013205455,GCA_013205455.1,
81,Bacteria,Actinomycetota,Actinomycetes,Propionibacteriales,Propionibacteriaceae,Cutibacterium,Cutibacterium acnes,GCF_003030305.1,
82,Bacteria,Actinomycetota,Actinomycetes,S36-B12,S36-B12,GCA-2737125,GCA-2737125 sp945870085,GCA_945870085.1,
83,Bacteria,Actinomycetota,Actinomycetes,S36-B12,S36-B12,GCA-2737125,GCA-2737125 sp945900705,GCA_945900705.1,
84,Bacteria,Actinomycetota,Actinomycetes,S36-B12,S36-B12,UBA10649,UBA10649 sp937902285,GCA_937902285.1,
85,Bacteria,Actinomycetota,Actinomycetes,S36-B12,S36-B12,WLND01,WLND01 sp945861925,GCA_945861925.1,
86,Bacteria,Actinomycetota,Actinomycetes,S36-B12,UBA5976,ATZT02,ATZT02 sp016463095,GCA_016463095.1,
87,Bacteria,Actinomycetota,Actinomycetes,S36-B12,UBA5976,UBA5976,UBA5976 sp002430405,GCA_002430405.1,
88,Bacteria,Actinomycetota,Actinomycetes,S36-B12,UBA5976,UBA5976,UBA5976 sp009885745,GCA_009885745.1,
89,Bacteria,Actinomycetota,Actinomycetes,UBA12327,UBA12327,AcAMD-2,AcAMD-2 sp945881995,GCA_945881995.1,
90,Bacteria,Actinomycetota,Thermoleophilia,Gaiellales,F1-60-MAGs149,F1-60-MAGs149,F1-60-MAGs149 sp016462095,GCA_016462095.1,
91,Bacteria,Actinomycetota,Thermoleophilia,Miltoncostaeales,Miltoncostaeaceae,Miltoncostaea,Miltoncostaea oceani,GCF_018141545.1,
92,Bacteria,Actinomycetota,Thermoleophilia,Miltoncostaeales,Miltoncostaeaceae,SYFI01,SYFI01 sp945876305,GCA_945876305.1,
93,Bacteria,Actinomycetota,Thermoleophilia,Solirubrobacterales,Solirubrobacteraceae,CANJIV01,CANJIV01 sp947474595,GCA_947474595.1,
94,Bacteria,Actinomycetota,Thermoleophilia,Solirubrobacterales,Solirubrobacteraceae,F1-60-MAGs163,F1-60-MAGs163 sp016462245,GCA_016462245.1,
95,Bacteria,Actinomycetota,Thermoleophilia,Solirubrobacterales,Solirubrobacteraceae,Patulibacter,Patulibacter sp009699505,GCA_009699505.1,
96,Bacteria,Armatimonadota,Fimbriimonadia,Fimbriimonadales,Fimbriimonadaceae,Fimbriimonas,Fimbriimonas sp029866005,GCA_029866005.1,
97,Bacteria,Armatimonadota,Fimbriimonadia,Fimbriimonadales,Fimbriimonadaceae,JAEURQ01,JAEURQ01 sp021413725,GCA_021413725.1,
98,Bacteria,Bacillota,Bacilli,Exiguobacterales,Exiguobacteraceae,Exiguobacterium_A,Exiguobacterium_A acetylicum,GCF_000702605.1,
99,Bacteria,Bacillota,Bacilli,Exiguobacterales,Exiguobacteraceae,Exiguobacterium_A,Exiguobacterium_A indicum,GCF_001939065.1,
100,Bacteria,Bacillota,Bacilli,Exiguobacterales,Exiguobacteraceae,Exiguobacterium_A,Exiguobacterium_A sp004339505,GCF_014524545.1,
101,Bacteria,Bacillota,Bacilli,Exiguobacterales,Exiguobacteraceae,Exiguobacterium_A,Exiguobacterium_A sp902363455,GCA_902363455.1,
102,Bacteria,Bacillota,Bacilli,Lactobacillales,Lactobacillaceae,Lactobacillus,Lactobacillus iners,GCF_000160875.1,
103,Bacteria,Bacillota,Bacilli,Staphylococcales,Staphylococcaceae,Mammaliicoccus,Mammaliicoccus sciuri,GCF_002901825.1,
104,Bacteria,Bacillota,Bacilli,Staphylococcales,Staphylococcaceae,Staphylococcus,Staphylococcus epidermidis,GCF_006742205.1,
105,Bacteria,Bacillota,Bacilli,Staphylococcales,Staphylococcaceae,Staphylococcus,Staphylococcus hominis,GCF_002901845.1,
106,Bacteria,Bacillota,Bacilli,Staphylococcales,Staphylococcaceae,Staphylococcus,Staphylococcus pasteuri,GCF_003970495.1,
107,Bacteria,Bacillota,Bacilli,Staphylococcales,Staphylococcaceae,Staphylococcus,Staphylococcus warneri,GCF_900636385.1,
108,Bacteria,Bacteroidota,Bacteroidia,2-12-FULL-35-15,2-12-FULL-35-15,2-12-FULL-35-15,2-12-FULL-35-15 sp945885475,GCA_945885475.1,
109,Bacteria,Bacteroidota,Bacteroidia,AKYH767-A,OLB10,JAJTFW01,JAJTFW01 sp903922455,GCA_943329665.2,
110,Bacteria,Bacteroidota,Bacteroidia,B-17B0,B-17BO,UBA2475,UBA2475 sp945887955,GCA_945887955.1,
111,Bacteria,Bacteroidota,Bacteroidia,B-17B0,B-17BO,UBA4416,UBA4416 sp903893815,GCA_903893815.1,
112,Bacteria,Bacteroidota,Bacteroidia,Chitinophagales,CAMDFR01,CAMDFR01,CAMDFR01 sp945872405,GCA_945872405.1,
113,Bacteria,Bacteroidota,Bacteroidia,Chitinophagales,Chitinophagaceae,Ferruginibacter,Ferruginibacter pinensis_A,GCA_945870835.1,
114,Bacteria,Bacteroidota,Bacteroidia,Chitinophagales,Chitinophagaceae,Ferruginibacter,Ferruginibacter pinensis_B,GCA_945865645.1,
115,Bacteria,Bacteroidota,Bacteroidia,Chitinophagales,Chitinophagaceae,Ferruginibacter,Ferruginibacter sp009885535,GCA_009885535.1,
116,Bacteria,Bacteroidota,Bacteroidia,Chitinophagales,Chitinophagaceae,Ferruginibacter,Ferruginibacter sp903837525,GCA_903837525.1,
117,Bacteria,Bacteroidota,Bacteroidia,Chitinophagales,Chitinophagaceae,Ferruginibacter,Ferruginibacter sp947466405,GCA_947466405.1,
118,Bacteria,Bacteroidota,Bacteroidia,Chitinophagales,Chitinophagaceae,Hydrotalea,Hydrotalea flava,GCF_001623405.1,
119,Bacteria,Bacteroidota,Bacteroidia,Chitinophagales,Chitinophagaceae,JJ008,JJ008 sp016786805,GCA_016786805.1,
120,Bacteria,Bacteroidota,Bacteroidia,Chitinophagales,Chitinophagaceae,JJ008,JJ008 sp016786965,GCA_016786965.1,
121,Bacteria,Bacteroidota,Bacteroidia,Chitinophagales,Chitinophagaceae,SXYR01,SXYR01 sp903834825,GCA_903834825.1,
122,Bacteria,Bacteroidota,Bacteroidia,Chitinophagales,Chitinophagaceae,SXYR01,SXYR01 sp945871875,GCA_945871875.1,
123,Bacteria,Bacteroidota,Bacteroidia,Chitinophagales,Chitinophagaceae,SXYR01,SXYR01 sp945872805,GCA_945872805.1,
124,Bacteria,Bacteroidota,Bacteroidia,Chitinophagales,Chitinophagaceae,Sediminibacterium,Sediminibacterium pinensis_A,GCA_945865295.1,
125,Bacteria,Bacteroidota,Bacteroidia,Chitinophagales,Chitinophagaceae,Sediminibacterium,Sediminibacterium pinensis_C,GCA_945870985.1,
126,Bacteria,Bacteroidota,Bacteroidia,Chitinophagales,Chitinophagaceae,Sediminibacterium,Sediminibacterium sp002786355,GCA_002786355.1,
127,Bacteria,Bacteroidota,Bacteroidia,Chitinophagales,Chitinophagaceae,Sediminibacterium,Sediminibacterium sp003526435,GCA_003526435.1,
128,Bacteria,Bacteroidota,Bacteroidia,Chitinophagales,Chitinophagaceae,Sediminibacterium,Sediminibacterium sp004297075,GCA_004297075.1,
129,Bacteria,Bacteroidota,Bacteroidia,Chitinophagales,Chitinophagaceae,Sediminibacterium,Sediminibacterium sp008080615,GCA_008080615.1,
130,Bacteria,Bacteroidota,Bacteroidia,Chitinophagales,Chitinophagaceae,Sediminibacterium,Sediminibacterium sp009693715,GCA_009693715.1,
131,Bacteria,Bacteroidota,Bacteroidia,Chitinophagales,Chitinophagaceae,Sediminibacterium,Sediminibacterium sp013205585,GCA_013205585.1,
132,Bacteria,Bacteroidota,Bacteroidia,Chitinophagales,Chitinophagaceae,Sediminibacterium,Sediminibacterium sp017996795,GCA_017996795.1,
133,Bacteria,Bacteroidota,Bacteroidia,Chitinophagales,Chitinophagaceae,Sediminibacterium,Sediminibacterium sp030832695,GCA_030832695.1,
134,Bacteria,Bacteroidota,Bacteroidia,Chitinophagales,Chitinophagaceae,Sediminibacterium,Sediminibacterium sp937911175,GCA_937911175.1,
135,Bacteria,Bacteroidota,Bacteroidia,Chitinophagales,LD1,Bog-950,Bog-950 sp945867505,GCA_945867505.1,
136,Bacteria,Bacteroidota,Bacteroidia,Chitinophagales,Saprospiraceae,BJGN01,BJGN01 sp027488135,GCA_027488135.1,
137,Bacteria,Bacteroidota,Bacteroidia,Chitinophagales,Saprospiraceae,Haliscomenobacter,Haliscomenobacter sp027488855,GCA_027488855.1,
138,Bacteria,Bacteroidota,Bacteroidia,Chitinophagales,Saprospiraceae,M3007,M3007 sp013297575,GCA_013297575.1,
139,Bacteria,Bacteroidota,Bacteroidia,Chitinophagales,Saprospiraceae,M3007,M3007 sp027488935,GCA_027488935.1,
140,Bacteria,Bacteroidota,Bacteroidia,Cytophagales,Cyclobacteriaceae,Algoriphagus,Algoriphagus sp945897085,GCA_945897085.1,
141,Bacteria,Bacteroidota,Bacteroidia,Cytophagales,Cyclobacteriaceae,ELB16-189,ELB16-189 sp013140395,GCA_013140395.1,
142,Bacteria,Bacteroidota,Bacteroidia,Cytophagales,Cyclobacteriaceae,ELB16-189,ELB16-189 sp021155195,GCA_021155195.1,
143,Bacteria,Bacteroidota,Bacteroidia,Cytophagales,Cyclobacteriaceae,ELB16-189,ELB16-189 sp021300095,GCA_021300095.1,
144,Bacteria,Bacteroidota,Bacteroidia,Cytophagales,Cyclobacteriaceae,ELB16-189,ELB16-189 sp023251155,GCA_023251155.1,
145,Bacteria,Bacteroidota,Bacteroidia,Cytophagales,Cyclobacteriaceae,UBA2336,UBA2336 sp016786495,GCA_016786495.1,
146,Bacteria,Bacteroidota,Bacteroidia,Cytophagales,Flexibacteraceae,CAMDMI01,CAMDMI01 sp945902135,GCA_945902135.1,
147,Bacteria,Bacteroidota,Bacteroidia,Cytophagales,Spirosomataceae,Allopseudarcicella,Allopseudarcicella nivalisilvae,GCF_004307455.1,
148,Bacteria,Bacteroidota,Bacteroidia,Cytophagales,Spirosomataceae,Aquirufa,Aquirufa fluvialis_A,GCA_945866095.1,
149,Bacteria,Bacteroidota,Bacteroidia,Cytophagales,Spirosomataceae,Aquirufa,Aquirufa fluvialis_F,GCA_945906795.1,
150,Bacteria,Bacteroidota,Bacteroidia,Cytophagales,Spirosomataceae,Aquirufa,Aquirufa sp013205605,GCA_013205605.1,
151,Bacteria,Bacteroidota,Bacteroidia,Cytophagales,Spirosomataceae,Emticicia,Emticicia agri_A,GCA_945860265.1,
152,Bacteria,Bacteroidota,Bacteroidia,Cytophagales,Spirosomataceae,Spirosoma,Spirosoma telluris,GCA_003259005.1,
153,Bacteria,Bacteroidota,Bacteroidia,Cytophagales,Thermoflexibacteraceae,RDXG01,RDXG01 sp004292785,GCA_004292785.1,
154,Bacteria,Bacteroidota,Bacteroidia,Flavobacteriales,Crocinitomicaceae,CANHVK01,CANHVK01 sp945862165,GCA_945862165.1,
155,Bacteria,Bacteroidota,Bacteroidia,Flavobacteriales,Crocinitomicaceae,CANHVK01,CANHVK01 sp945897755,GCA_945897755.1,
156,Bacteria,Bacteroidota,Bacteroidia,Flavobacteriales,Crocinitomicaceae,Fluviicola,Fluviicola sp029866325,GCA_029866325.1,
157,Bacteria,Bacteroidota,Bacteroidia,Flavobacteriales,Crocinitomicaceae,M0103,M0103 sp947470515,GCA_947470515.1,
158,Bacteria,Bacteroidota,Bacteroidia,Flavobacteriales,Crocinitomicaceae,UBA952,UBA952 sp009923965,GCA_009923965.1,
159,Bacteria,Bacteroidota,Bacteroidia,Flavobacteriales,Crocinitomicaceae,UBA952,UBA952 sp009926125,GCA_009926125.1,
160,Bacteria,Bacteroidota,Bacteroidia,Flavobacteriales,Crocinitomicaceae,UBA952,UBA952 sp021740085,GCA_021740085.1,
161,Bacteria,Bacteroidota,Bacteroidia,Flavobacteriales,Crocinitomicaceae,UBA952,UBA952 sp026391005,GCA_026391005.1,
162,Bacteria,Bacteroidota,Bacteroidia,Flavobacteriales,Crocinitomicaceae,UBA952,UBA952 sp945877045,GCA_945877045.1,
163,Bacteria,Bacteroidota,Bacteroidia,Flavobacteriales,Crocinitomicaceae,UBA952,UBA952 sp945892995,GCA_945892995.1,
164,Bacteria,Bacteroidota,Bacteroidia,Flavobacteriales,Crocinitomicaceae,UBA952,UBA952 sp947462255,GCA_947462255.1,
165,Bacteria,Bacteroidota,Bacteroidia,Flavobacteriales,Crocinitomicaceae,UBA952,UBA952 sp947475095,GCA_947475095.1,
166,Bacteria,Bacteroidota,Bacteroidia,Flavobacteriales,Flavobacteriaceae,Flavobacterium,Flavobacterium panici,GCF_903819335.1,
167,Bacteria,Bacteroidota,Bacteroidia,Flavobacteriales,Flavobacteriaceae,Flavobacterium,Flavobacterium psychrophilum_G,GCA_945879625.1,
168,Bacteria,Bacteroidota,Bacteroidia,Flavobacteriales,Flavobacteriaceae,Flavobacterium,Flavobacterium psychrophilum_L,GCA_945897545.1,
169,Bacteria,Bacteroidota,Bacteroidia,Flavobacteriales,Flavobacteriaceae,Flavobacterium,Flavobacterium psychrophilum_Q,GCA_945907225.1,
170,Bacteria,Bacteroidota,Bacteroidia,Flavobacteriales,Flavobacteriaceae,Flavobacterium,Flavobacterium sp002150205,GCF_918731615.1,
171,Bacteria,Bacteroidota,Bacteroidia,Flavobacteriales,Flavobacteriaceae,Flavobacterium,Flavobacterium sp029866065,GCA_029866065.1,
172,Bacteria,Bacteroidota,Bacteroidia,Flavobacteriales,Flavobacteriaceae,Flavobacterium,Flavobacterium sp943324165,GCA_943324165.2,
173,Bacteria,Bacteroidota,Bacteroidia,Flavobacteriales,Flavobacteriaceae,Flavobacterium,Flavobacterium sp943325355,GCA_943325355.2,
174,Bacteria,Bacteroidota,Bacteroidia,Flavobacteriales,Flavobacteriaceae,Flavobacterium,Flavobacterium sp943328505,GCA_943328505.2,
175,Bacteria,Bacteroidota,Bacteroidia,Flavobacteriales,Flavobacteriaceae,Flavobacterium,Flavobacterium sp943329165,GCA_943329165.2,
176,Bacteria,Bacteroidota,Bacteroidia,Flavobacteriales,Flavobacteriaceae,Flavobacterium,Flavobacterium sp945873505,GCA_945873505.1,
177,Bacteria,Bacteroidota,Bacteroidia,Flavobacteriales,Flavobacteriaceae,Flavobacterium,Flavobacterium sp947446635,GCA_947446635.1,
178,Bacteria,Bacteroidota,Bacteroidia,Flavobacteriales,Flavobacteriaceae,Flavobacterium,Flavobacterium sp947461795,GCA_947461795.1,
179,Bacteria,Bacteroidota,Bacteroidia,Flavobacteriales,Flavobacteriaceae,Flavobacterium,Flavobacterium sp947461915,GCA_947461915.1,
180,Bacteria,Bacteroidota,Bacteroidia,Flavobacteriales,Flavobacteriaceae,Flavobacterium,Flavobacterium sp947483095,GCA_947483095.1,
181,Bacteria,Bacteroidota,Bacteroidia,Flavobacteriales,GCA-002722245,JAHEZL01,JAHEZL01 sp026390935,GCA_026390935.1,
182,Bacteria,Bacteroidota,Bacteroidia,Flavobacteriales,PHOS-HE28,PHOS-HE28,PHOS-HE28 sp016717225,GCA_016717225.1,
183,Bacteria,Bacteroidota,Bacteroidia,Flavobacteriales,Schleiferiaceae,TMED14,TMED14 sp002737315,GCA_002737315.1,
184,Bacteria,Bacteroidota,Bacteroidia,Flavobacteriales,Schleiferiaceae,TMED14,TMED14 sp013205365,GCA_013205365.1,
185,Bacteria,Bacteroidota,Bacteroidia,Flavobacteriales,UA16,CAIZGX01,CAIZGX01 sp945878835,GCA_945878835.1,
186,Bacteria,Bacteroidota,Bacteroidia,Flavobacteriales,UA16,JAIBBG01,JAIBBG01 sp945869405,GCA_945869405.1,
187,Bacteria,Bacteroidota,Bacteroidia,NS11-12g,UBA9320,JABWCE01,JABWCE01 sp945907065,GCA_945907065.1,
188,Bacteria,Bacteroidota,Bacteroidia,NS11-12g,UBA955,JABMMZ01,JABMMZ01 sp013205405,GCA_013205405.1,
189,Bacteria,Bacteroidota,Bacteroidia,NS11-12g,UBA955,JABMMZ01,JABMMZ01 sp947450015,GCA_947450015.1,
190,Bacteria,Bacteroidota,Bacteroidia,NS11-12g,UBA955,UBA955,UBA955 sp002737625,GCA_002737625.1,
191,Bacteria,Bacteroidota,Bacteroidia,NS11-12g,UBA955,UBA955,UBA955 sp945870885,GCA_945870885.1,
192,Bacteria,Bacteroidota,Bacteroidia,NS11-12g,UKL13-3,B1,B1 sp945875195,GCA_945875195.1,
193,Bacteria,Bacteroidota,Bacteroidia,NS11-12g,UKL13-3,CAMAWM01,CAMAWM01 sp945861965,GCA_945861965.1,
194,Bacteria,Bacteroidota,Bacteroidia,NS11-12g,UKL13-3,JAAFJM01,JAAFJM01 sp945876985,GCA_945876985.1,
195,Bacteria,Bacteroidota,Bacteroidia,NS11-12g,UKL13-3,RGVD01,RGVD01 sp010027395,GCA_010027395.1,
196,Bacteria,Bacteroidota,Bacteroidia,Palsa-965,Palsa-965,GCA-2737665,GCA-2737665 sp002737665,GCA_002737665.1,
197,Bacteria,Bacteroidota,Bacteroidia,Sphingobacteriales,Sphingobacteriaceae,Daejeonella,Daejeonella schmidteae_A,GCA_945906015.1,
198,Bacteria,Bacteroidota,Bacteroidia,Sphingobacteriales,Sphingobacteriaceae,JAIPAN01,JAIPAN01 sp945875895,GCA_945875895.1,
199,Bacteria,Bacteroidota,Bacteroidia,UBA10329,UBA10329,UBA10329,UBA10329 sp945903645,GCA_945903645.1,
200,Bacteria,Bacteroidota,Bacteroidia,UBA4408,UBA4408,CAIKXD01,CAIKXD01 sp945872355,GCA_945872355.1,
201,Bacteria,Bacteroidota,Bacteroidia,UBA4408,UBA4408,CAIMGI01,CAIMGI01 sp945861665,GCA_945861665.1,
202,Bacteria,Bacteroidota,Kapaibacteriia,Kapaibacteriales,Kapaibacteriaceae,UBA10438,UBA10438 sp947495975,GCA_947495975.1,
203,Bacteria,Bacteroidota,UBA10030,UBA10030,UBA8401,SXSI01,SXSI01 sp005792285,GCA_005792285.1,
204,Bacteria,Bdellovibrionota,Bacteriovoracia,Bacteriovoracales,Bacteriovoracaceae,UBA4096,UBA4096 sp945905815,GCA_945905815.1,
205,Bacteria,Bdellovibrionota,FAC87,UBA2466,UBA2466,UBA2466,UBA2466 sp013205415,GCA_013205415.1,
206,Bacteria,Bdellovibrionota,Oligoflexia,Oligoflexales,RGVZ01,CAIYRB01,CAIYRB01 sp026390435,GCA_026390435.1,
207,Bacteria,Bdellovibrionota,Oligoflexia,Oligoflexales,RGVZ01,CAMDKS01,CAMDKS01 sp947476525,GCA_947476525.1,
208,Bacteria,Bdellovibrionota,Oligoflexia,Oligoflexales,RGVZ01,RGVZ01,RGVZ01 sp947445775,GCA_947445775.1,
209,Bacteria,Bdellovibrionota,UBA2361,UBA2361,OMII01,OMII01,OMII01 sp026390555,GCA_026390555.1,
210,Bacteria,Bdellovibrionota,UBA2361,UBA2361,OMII01,OMII01,OMII01 sp027486155,GCA_027486155.1,
211,Bacteria,Chlamydiota,Chlamydiia,Chlamydiales,Rhabdochlamydiaceae,CAIJXB01,CAIJXB01 sp945898205,GCA_945898205.1,
212,Bacteria,Chlamydiota,Chlamydiia,Chlamydiales,Rhabdochlamydiaceae,VGMB01,VGMB01 sp945875745,GCA_945875745.1,
213,Bacteria,Chlamydiota,Chlamydiia,Chlamydiales,Rhabdochlamydiaceae,VGMB01,VGMB01 sp945905275,GCA_945905275.1,
214,Bacteria,Chlamydiota,Chlamydiia,Chlamydiales,SM23-39,CAIPFQ01,CAIPFQ01 sp903864395,GCA_903864395.1,
215,Bacteria,Chloroflexota,Anaerolineae,Anaerolineales,UBA11657,BD1,BD1 sp003670425,GCA_003670425.1,
216,Bacteria,Chloroflexota,Dehalococcoidia,UBA2979,UBA2979,RH-chloro-G1,RH-chloro-G1 sp003670575,GCA_947499615.1,
217,Bacteria,Chloroflexota,Dehalococcoidia,UBA2979,UBA2979,SHYQ01,SHYQ01 sp945888895,GCA_945888895.1,
218,Bacteria,Chloroflexota,Dehalococcoidia,UBA2979,UBA2979,SURF-43,SURF-43 sp947446155,GCA_947446155.1,
219,Bacteria,Chloroflexota,Limnocylindria,Limnocylindrales,Limnocylindraceae,Limnocylindrus,Limnocylindrus sp003670475,GCA_003670475.1,
220,Bacteria,Chloroflexota,Limnocylindria,Limnocylindrales,Limnocylindraceae,Limnocylindrus,Limnocylindrus sp016463555,GCA_016463555.1,
221,Bacteria,Chloroflexota,UBA2235,UBA12225,UBA12225,UBA12225,UBA12225 sp002347925,GCA_002347925.1,
222,Bacteria,Chloroflexota,UBA2235,UBA12225,UBA12225,UBA12225,UBA12225 sp945907765,GCA_945907765.1,
223,Bacteria,Chloroflexota,UBA2235,UBA12225,UBA12225,UBA12225,UBA12225 sp947446285,GCA_947446285.1,
224,Bacteria,Cyanobacteriota,Cyanobacteriia,PCC-6307,Cyanobiaceae,BAIKAL-G1,BAIKAL-G1 sp016463595,GCA_016463595.1,
225,Bacteria,Cyanobacteriota,Cyanobacteriia,PCC-6307,Cyanobiaceae,Cyanobium_A,Cyanobium_A sp013205255,GCF_025127975.1,
226,Bacteria,Cyanobacteriota,Cyanobacteriia,PCC-6307,Cyanobiaceae,Cyanobium_A,Cyanobium_A usitatum,GCF_003011885.1,
227,Bacteria,Cyanobacteriota,Cyanobacteriia,PCC-6307,Cyanobiaceae,Cyanobium,Cyanobium sp014191755,GCA_014191755.1,
228,Bacteria,Cyanobacteriota,Cyanobacteriia,PCC-6307,Cyanobiaceae,Cyanobium,Cyanobium sp026389255,GCA_026389255.1,
229,Bacteria,Cyanobacteriota,Cyanobacteriia,PCC-6307,Cyanobiaceae,Cyanobium,Cyanobium sp026389285,GCA_026389285.1,
230,Bacteria,Cyanobacteriota,Cyanobacteriia,PCC-6307,Cyanobiaceae,Cyanobium,Cyanobium sp945878795,GCA_945878795.1,
231,Bacteria,Cyanobacteriota,Cyanobacteriia,PCC-6307,Cyanobiaceae,Synechococcus_D,Synechococcus_D sp009914645,GCA_009914645.1,
232,Bacteria,Cyanobacteriota,Cyanobacteriia,PCC-6307,Cyanobiaceae,Synechococcus_D,Synechococcus_D sp024346075,GCF_024346075.1,
233,Bacteria,Cyanobacteriota,Vampirovibrionia,Obscuribacterales,Obscuribacteraceae,Ga0077546,Ga0077546 sp021732025,GCA_021732025.1,
234,Bacteria,Cyanobacteriota,Vampirovibrionia,Obscuribacterales,Obscuribacteraceae,Ga0077546,Ga0077546 sp913063055,GCA_913063055.1,
235,Bacteria,Deinococcota,Deinococci,Deinococcales,Deinococcaceae,Deinococcus,Deinococcus aquatilis,GCF_000378445.1,
236,Bacteria,Dependentiae,Babeliae,Babeliales,Chromulinivoraceae,JACPFN01,JACPFN01 sp026389025,GCA_026389025.1,
237,Bacteria,Dependentiae,Babeliae,Babeliales,RVW-14,AaIE-18,AaIE-18 sp019749895,GCA_019749895.1,
238,Bacteria,Dependentiae,Babeliae,Babeliales,RVW-14,CAMATL01,CAMATL01 sp945861145,GCA_945861145.1,
239,Bacteria,Desulfobacterota_B,Binatia,UBA12015,UBA12015,REEB422,REEB422 sp945872365,GCA_945872365.1,
240,Bacteria,Desulfobacterota_B,Binatia,UBA12015,UBA12015,SXLG01,SXLG01 sp009885395,GCA_009885395.1,
241,Bacteria,Gemmatimonadota,Gemmatimonadetes,Gemmatimonadales,GWC2-71-9,JABFSM01,JABFSM01 sp009692115,GCA_009692115.1,
242,Bacteria,Margulisbacteria,Marinamargulisbacteria,SXXA01,M30B43,M30B43,M30B43 sp947502965,GCA_947502965.1,
243,Bacteria,Margulisbacteria,Marinamargulisbacteria,SXXA01,SXXA01,CAIPHK01,CAIPHK01 sp947465765,GCA_947465765.1,
244,Bacteria,Myxococcota,Myxococcia,Myxococcales,Myxococcaceae,JAEUJQ01,JAEUJQ01 sp022843845,GCA_022843845.1,
245,Bacteria,Myxococcota,Myxococcia,Myxococcales,Myxococcaceae,Myxococcus,Myxococcus fulvus,GCF_900111765.1,
246,Bacteria,Myxococcota,Polyangia,Polyangiales,Ga0077539,SCUS01,SCUS01 sp903860995,GCA_903860995.1,
247,Bacteria,Myxococcota,Polyangia,Polyangiales,Ga0077539,SCUS01,SCUS01 sp947477565,GCA_947477565.1,
248,Bacteria,Nitrospirota,Nitrospiria,Nitrospirales,Nitrospiraceae,Nitrospira_D,Nitrospira_D sp030653545,GCA_030653545.1,
249,Bacteria,Nitrospirota,Nitrospiria,Nitrospirales,Nitrospiraceae,Palsa-1315,Palsa-1315 sp002737345,GCA_002737345.1,
250,Bacteria,Nitrospirota,Nitrospiria,Nitrospirales,Nitrospiraceae,Palsa-1315,Palsa-1315 sp005116815,GCA_005116815.1,
251,Bacteria,Nitrospirota,Nitrospiria,Nitrospirales,Nitrospiraceae,Palsa-1315,Palsa-1315 sp005116885,GCA_005116885.1,
252,Bacteria,Nitrospirota,Nitrospiria,Nitrospirales,Nitrospiraceae,Palsa-1315,Palsa-1315 sp009885705,GCA_009885705.1,
253,Bacteria,Nitrospirota,Nitrospiria,Nitrospirales,Nitrospiraceae,Palsa-1315,Palsa-1315 sp011391455,GCA_011391455.1,
254,Bacteria,Nitrospirota,Nitrospiria,Nitrospirales,Nitrospiraceae,Palsa-1315,Palsa-1315 sp014379455,GCA_014379455.1,
255,Bacteria,Nitrospirota,Nitrospiria,Nitrospirales,Nitrospiraceae,Palsa-1315,Palsa-1315 sp025361385,GCA_025361385.1,
256,Bacteria,Nitrospirota,Nitrospiria,Nitrospirales,Nitrospiraceae,Palsa-1315,Palsa-1315 sp025363325,GCA_025363325.1,
257,Bacteria,Patescibacteria,ABY1,SG8-24,GWF2-40-263,CALRBH01,CALRBH01 sp943354165,GCA_943354165.1,
258,Bacteria,Patescibacteria,Paceibacteria,UBA6257,UBA11618,CALRGO01,CALRGO01 sp943357895,GCA_943357895.1,
259,Bacteria,Patescibacteria,Paceibacteria,UBA9973,CAIZLB01,CAIZLB01,CAIZLB01 sp943356525,GCA_943356525.1,
260,Bacteria,Patescibacteria,Paceibacteria,UBA9973,PALSA-1337,SCTV01,SCTV01 sp943354385,GCA_943354385.1,
261,Bacteria,Patescibacteria,Paceibacteria,UBA9973,SBAW01,GWA1-54-10,GWA1-54-10 sp943349675,GCA_943349675.1,
262,Bacteria,Patescibacteria,Paceibacteria,UBA9973,Zambryskibacteraceae,SICJ01,SICJ01 sp943359555,GCA_943359555.1,
263,Bacteria,Patescibacteria,Saccharimonadia,CAILAD01,BJGX01,CALRAY01,CALRAY01 sp943353705,GCA_943353705.1,
264,Bacteria,Patescibacteria,Saccharimonadia,CAILAD01,BJGX01,JAPLVO01,JAPLVO01 sp026397045,GCA_026397045.1,
265,Bacteria,Patescibacteria,Saccharimonadia,CAILAD01,BJGX01,SICB01,SICB01 sp009691555,GCA_009691555.1,
266,Bacteria,Patescibacteria,Saccharimonadia,Saccharimonadales,AWTP1-31,CAJAXB01,CAJAXB01 sp943353855,GCA_943353855.1,
267,Bacteria,Patescibacteria,Saccharimonadia,Saccharimonadales,AWTP1-31,CAJAXB01,CAJAXB01 sp943354005,GCA_943354005.1,
268,Bacteria,Planctomycetota,Phycisphaerae,Phycisphaerales,SM1A02,F1-140-MAGs142,F1-140-MAGs142 sp003671055,GCA_003671055.1,
269,Bacteria,Planctomycetota,Phycisphaerae,Phycisphaerales,SM1A02,F1-60-MAGs104,F1-60-MAGs104 sp945862215,GCA_945862215.1,
270,Bacteria,Planctomycetota,Phycisphaerae,Phycisphaerales,SM1A02,F1-60-MAGs104,F1-60-MAGs104 sp945896765,GCA_945896765.1,
271,Bacteria,Planctomycetota,Phycisphaerae,Phycisphaerales,SM1A02,QWPT01,QWPT01 sp003671025,GCA_003671025.1,
272,Bacteria,Planctomycetota,Phycisphaerae,Phycisphaerales,SM1A02,QWPT01,QWPT01 sp003671065,GCA_003671065.1,
273,Bacteria,Planctomycetota,Phycisphaerae,Phycisphaerales,SM1A02,SYAC01,SYAC01 sp005789005,GCA_005789005.1,
274,Bacteria,Planctomycetota,Phycisphaerae,Phycisphaerales,SM1A02,SYAC01,SYAC01 sp903914045,GCA_903914045.1,
275,Bacteria,Planctomycetota,Phycisphaerae,Phycisphaerales,SM1A02,SYAC01,SYAC01 sp937919205,GCA_937919205.1,
276,Bacteria,Planctomycetota,Phycisphaerae,Phycisphaerales,SM1A02,SYAC01,SYAC01 sp947474205,GCA_947474205.1,
277,Bacteria,Planctomycetota,Phycisphaerae,Phycisphaerales,SM1A02,SYAC01,SYAC01 sp947480055,GCA_947480055.1,
278,Bacteria,Planctomycetota,Phycisphaerae,Phycisphaerales,SM1A02,UBA966,UBA966 sp002737585,GCA_002737585.1,
279,Bacteria,Planctomycetota,Phycisphaerae,Phycisphaerales,SM1A02,UBA966,UBA966 sp943329105,GCA_943329105.2,
280,Bacteria,Planctomycetota,Phycisphaerae,Phycisphaerales,SM1A02,UBA966,UBA966 sp945878575,GCA_945878575.1,
281,Bacteria,Planctomycetota,Phycisphaerae,Phycisphaerales,UBA1924,BJHL01,BJHL01 sp014192545,GCA_014192545.1,
282,Bacteria,Planctomycetota,Planctomycetia,Gemmatales,Gemmataceae,Gemmata,Gemmata sp947490035,GCA_947490035.1,
283,Bacteria,Planctomycetota,Planctomycetia,Gemmatales,Gemmataceae,REEB421,REEB421 sp945875585,GCA_945875585.1,
284,Bacteria,Planctomycetota,Planctomycetia,Gemmatales,Gemmataceae,SIAQ01,SIAQ01 sp945861245,GCA_945861245.1,
285,Bacteria,Planctomycetota,Planctomycetia,Gemmatales,Gemmataceae,SYLG01,SYLG01 sp009691815,GCA_009691815.1,
286,Bacteria,Planctomycetota,Planctomycetia,Gemmatales,Gemmataceae,UBA6894,UBA6894 sp003669555,GCA_003669555.1,
287,Bacteria,Planctomycetota,Planctomycetia,Gemmatales,Gemmataceae,UBA969,UBA969 sp003671255,GCA_003671255.1,
288,Bacteria,Planctomycetota,Planctomycetia,Gemmatales,Gemmataceae,UBA969,UBA969 sp945897965,GCA_945897965.1,
289,Bacteria,Planctomycetota,Planctomycetia,Isosphaerales,Isosphaeraceae,QWQI01,QWQI01 sp003670885,GCA_945865635.1,
290,Bacteria,Planctomycetota,Planctomycetia,Pirellulales,Pirellulaceae,Pirellula_B,Pirellula_B sp021300015,GCA_021300015.1,
291,Bacteria,Planctomycetota,Planctomycetia,Pirellulales,Pirellulaceae,Pirellula_B,Pirellula_B sp021736575,GCA_021736575.1,
292,Bacteria,Planctomycetota,Planctomycetia,Pirellulales,Pirellulaceae,Pirellula_B,Pirellula_B staleyi_B,GCA_945900945.1,
293,Bacteria,Planctomycetota,Planctomycetia,Pirellulales,UBA1268,BAIKAL-G1-2R,BAIKAL-G1-2R sp002737405,GCA_945871035.1,
294,Bacteria,Planctomycetota,Planctomycetia,Pirellulales,UBA1268,BAIKAL-G1-2R,BAIKAL-G1-2R sp003670865,GCA_003670865.1,
295,Bacteria,Planctomycetota,Planctomycetia,Pirellulales,UBA1268,BAIKAL-G1-2R,BAIKAL-G1-2R sp003670915,GCA_003670915.1,
296,Bacteria,Planctomycetota,Planctomycetia,Pirellulales,UBA1268,CAMCQY01,CAMCQY01 sp947440895,GCA_947440895.1,
297,Bacteria,Planctomycetota,Planctomycetia,Pirellulales,UBA1268,QWOP01,QWOP01 sp009691925,GCA_009691925.1,
298,Bacteria,Planctomycetota,Planctomycetia,Pirellulales,UBA1268,QWOP01,QWOP01 sp943332855,GCA_943332855.1,
299,Bacteria,Planctomycetota,Planctomycetia,Pirellulales,UBA1268,QWOQ01,QWOQ01 sp003669585,GCA_003669585.1,
300,Bacteria,Planctomycetota,Planctomycetia,Pirellulales,UBA1268,QWPN01,QWPN01 sp003670825,GCA_003670825.1,
301,Bacteria,Planctomycetota,Planctomycetia,Pirellulales,UBA1268,QWPN01,QWPN01 sp903958265,GCA_903958265.1,
302,Bacteria,Planctomycetota,Planctomycetia,Pirellulales,UBA1268,QWPN01,QWPN01 sp945869735,GCA_945869735.1,
303,Bacteria,Planctomycetota,Planctomycetia,Planctomycetales,Planctomycetaceae,JAKFVC01,JAKFVC01 sp945861445,GCA_945861445.1,
304,Bacteria,Planctomycetota,Planctomycetia,Planctomycetales,Planctomycetaceae,SXKJ01,SXKJ01 sp003669125,GCA_003669125.1,
305,Bacteria,Planctomycetota,Planctomycetia,Planctomycetales,Planctomycetaceae,SXXK01,SXXK01 sp003670925,GCA_003670925.1,
306,Bacteria,Planctomycetota,Planctomycetia,Planctomycetales,Planctomycetaceae,SXXK01,SXXK01 sp945861465,GCA_945861465.1,
307,Bacteria,Planctomycetota,Planctomycetia,Planctomycetales,Planctomycetaceae,SXXK01,SXXK01 sp945861975,GCA_945861975.1,
308,Bacteria,Planctomycetota,Planctomycetia,Planctomycetales,Planctomycetaceae,SXXK01,SXXK01 sp947476295,GCA_947476295.1,
309,Bacteria,Planctomycetota,Planctomycetia,Planctomycetales,Planctomycetaceae,Schlesneria,Schlesneria paludicola_A,GCA_945862235.1,
310,Bacteria,Planctomycetota,Planctomycetia,Planctomycetales,Planctomycetaceae,Schlesneria,Schlesneria paludicola_C,GCA_945876035.1,
311,Bacteria,Planctomycetota,UBA11346,UBA11346,UBA11346,BOG-1363,BOG-1363 sp947440715,GCA_947440715.1,
312,Bacteria,Planctomycetota,UBA1135,UBA2386,UBA2386,BJHM01,BJHM01 sp014192625,GCA_014192625.1,
313,Bacteria,Pseudomonadota,Alphaproteobacteria,Acetobacterales,Acetobacteraceae,CAMDGX01,CAMDGX01 sp945869965,GCA_945869965.1,
314,Bacteria,Pseudomonadota,Alphaproteobacteria,Acetobacterales,Acetobacteraceae,Neoroseomonas,Neoroseomonas bogorensis_B,GCA_945874515.1,
315,Bacteria,Pseudomonadota,Alphaproteobacteria,Acetobacterales,Acetobacteraceae,Neoroseomonas,Neoroseomonas sp903927465,GCA_903927465.1,
316,Bacteria,Pseudomonadota,Alphaproteobacteria,Acetobacterales,Acetobacteraceae,Rhodopila,Rhodopila sp945871455,GCA_945871455.1,
317,Bacteria,Pseudomonadota,Alphaproteobacteria,Acetobacterales,Acetobacteraceae,Rhodovarius,Rhodovarius crocodyli_A,GCA_945901085.1,
318,Bacteria,Pseudomonadota,Alphaproteobacteria,Azospirillales,Azospirillaceae,Azospirillum,Azospirillum cavernae,GCF_003590795.1,
319,Bacteria,Pseudomonadota,Alphaproteobacteria,Caedimonadales,Caedimonadaceae,Paracaedimonas,Paracaedimonas sp001898725,GCA_001898725.1,
320,Bacteria,Pseudomonadota,Alphaproteobacteria,Caulobacterales,Caulobacteraceae,Brevundimonas,Brevundimonas bullata_A,GCF_014207965.1,
321,Bacteria,Pseudomonadota,Alphaproteobacteria,Caulobacterales,Caulobacteraceae,Brevundimonas,Brevundimonas bullata,GCF_003350205.1,
322,Bacteria,Pseudomonadota,Alphaproteobacteria,Caulobacterales,Caulobacteraceae,Brevundimonas,Brevundimonas sp001422455,GCF_001422455.1,
323,Bacteria,Pseudomonadota,Alphaproteobacteria,Caulobacterales,Caulobacteraceae,Brevundimonas,Brevundimonas sp002483305,GCF_002483305.1,
324,Bacteria,Pseudomonadota,Alphaproteobacteria,Caulobacterales,Caulobacteraceae,Brevundimonas,Brevundimonas sp017795885,GCF_017795885.1,
325,Bacteria,Pseudomonadota,Alphaproteobacteria,Caulobacterales,Caulobacteraceae,Brevundimonas,Brevundimonas sp030693575,GCA_030693575.1,
326,Bacteria,Pseudomonadota,Alphaproteobacteria,Caulobacterales,Caulobacteraceae,Brevundimonas,Brevundimonas sp947501315,GCA_947501315.1,
327,Bacteria,Pseudomonadota,Alphaproteobacteria,Caulobacterales,Caulobacteraceae,Brevundimonas,Brevundimonas subvibrioides_B,GCF_002280785.1,
328,Bacteria,Pseudomonadota,Alphaproteobacteria,Caulobacterales,Caulobacteraceae,Brevundimonas,Brevundimonas vesicularis_C,GCF_027886425.1,
329,Bacteria,Pseudomonadota,Alphaproteobacteria,Caulobacterales,Caulobacteraceae,Caulobacter,Caulobacter sp029866155,GCA_029866155.1,
330,Bacteria,Pseudomonadota,Alphaproteobacteria,Caulobacterales,Caulobacteraceae,Phenylobacterium,Phenylobacterium deserti_B,GCA_945859865.1,
331,Bacteria,Pseudomonadota,Alphaproteobacteria,Caulobacterales,Caulobacteraceae,Phenylobacterium,Phenylobacterium sp004297125,GCF_004297125.1,
332,Bacteria,Pseudomonadota,Alphaproteobacteria,Caulobacterales,Caulobacteraceae,Phenylobacterium,Phenylobacterium sp030654915,GCF_030654915.1,
333,Bacteria,Pseudomonadota,Alphaproteobacteria,Caulobacterales,Hyphomonadaceae,Hyphomonas,Hyphomonas sp945913285,GCA_945913285.1,
334,Bacteria,Pseudomonadota,Alphaproteobacteria,Caulobacterales,Hyphomonadaceae,UBA7672,UBA7672 sp002280725,GCA_002280725.1,
335,Bacteria,Pseudomonadota,Alphaproteobacteria,Caulobacterales,Hyphomonadaceae,UBA7672,UBA7672 sp903831485,GCA_903831485.1,
336,Bacteria,Pseudomonadota,Alphaproteobacteria,Micropepsales,Micropepsaceae,Rhizomicrobium,Rhizomicrobium sp902825865,GCA_902825865.1,
337,Bacteria,Pseudomonadota,Alphaproteobacteria,Paracaedibacterales,CAITNM01,CAITNM01,CAITNM01 sp943322985,GCA_943322985.2,
338,Bacteria,Pseudomonadota,Alphaproteobacteria,Paracaedibacterales,CAITNM01,CAITNM01,CAITNM01 sp945903885,GCA_945903885.1,
339,Bacteria,Pseudomonadota,Alphaproteobacteria,Paracaedibacterales,CAITNM01,CAITNM01,CAITNM01 sp947478955,GCA_947478955.1,
340,Bacteria,Pseudomonadota,Alphaproteobacteria,Paracaedibacterales,CAITNM01,CAITNM01,CAITNM01 sp947499175,GCA_947499175.1,
341,Bacteria,Pseudomonadota,Alphaproteobacteria,Paracaedibacterales,CAIULA01,CANJLN01,CANJLN01 sp947475175,GCA_947475175.1,
342,Bacteria,Pseudomonadota,Alphaproteobacteria,Paracaedibacterales,CAIULA01,Finniella,Finniella sp903905285,GCA_903905285.1,
343,Bacteria,Pseudomonadota,Alphaproteobacteria,Paracaedibacterales,Paracaedibacteraceae,Paracaedibacter_A,Paracaedibacter_A sp020718185,GCA_020718185.1,
344,Bacteria,Pseudomonadota,Alphaproteobacteria,Pelagibacterales,Pelagibacteraceae,Fonsibacter,Fonsibacter sp000371845,GCA_000371845.1,
345,Bacteria,Pseudomonadota,Alphaproteobacteria,Pelagibacterales,Pelagibacteraceae,Fonsibacter,Fonsibacter sp000419485,GCA_000419485.1,
346,Bacteria,Pseudomonadota,Alphaproteobacteria,Pelagibacterales,Pelagibacteraceae,Fonsibacter,Fonsibacter sp000510845,GCA_000510845.1,
347,Bacteria,Pseudomonadota,Alphaproteobacteria,Reyranellales,Reyranellaceae,CAMDVZ01,CAMDVZ01 sp945878895,GCA_945878895.1,
348,Bacteria,Pseudomonadota,Alphaproteobacteria,Reyranellales,Reyranellaceae,Reyranella,Reyranella massiliensis_A,GCA_945862125.1,
349,Bacteria,Pseudomonadota,Alphaproteobacteria,Reyranellales,Reyranellaceae,Reyranella,Reyranella massiliensis_B,GCA_945860205.1,
350,Bacteria,Pseudomonadota,Alphaproteobacteria,Reyranellales,Reyranellaceae,Reyranella,Reyranella sp010032545,GCA_010032545.1,
351,Bacteria,Pseudomonadota,Alphaproteobacteria,Reyranellales,Reyranellaceae,Reyranella,Reyranella sp947474005,GCA_947474005.1,
352,Bacteria,Pseudomonadota,Alphaproteobacteria,Rhizobiales,Beijerinckiaceae,28-YEA-48,28-YEA-48 sp903916165,GCA_903916165.1,
353,Bacteria,Pseudomonadota,Alphaproteobacteria,Rhizobiales,Beijerinckiaceae,28-YEA-48,28-YEA-48 sp945901195,GCA_945901195.1,
354,Bacteria,Pseudomonadota,Alphaproteobacteria,Rhizobiales,Beijerinckiaceae,28-YEA-48,28-YEA-48 sp947476075,GCA_947476075.1,
355,Bacteria,Pseudomonadota,Alphaproteobacteria,Rhizobiales,Beijerinckiaceae,28-YEA-48,28-YEA-48 sp947498445,GCA_947498445.1,
356,Bacteria,Pseudomonadota,Alphaproteobacteria,Rhizobiales,Beijerinckiaceae,Bosea,Bosea sp013823325,GCA_013823325.1,
357,Bacteria,Pseudomonadota,Alphaproteobacteria,Rhizobiales,Beijerinckiaceae,CAIUPE01,CAIUPE01 sp945883115,GCA_945883115.1,
358,Bacteria,Pseudomonadota,Alphaproteobacteria,Rhizobiales,Beijerinckiaceae,Methylobacterium,Methylobacterium fujisawaense,GCF_014138435.1,
359,Bacteria,Pseudomonadota,Alphaproteobacteria,Rhizobiales,Devosiaceae,Devosia_A,Devosia_A sp903842455,GCA_903842455.1,
360,Bacteria,Pseudomonadota,Alphaproteobacteria,Rhizobiales,Hyphomicrobiaceae,CAMDPA01,CAMDPA01 sp945901835,GCA_945901835.1,
361,Bacteria,Pseudomonadota,Alphaproteobacteria,Rhizobiales,Phreatobacteraceae,Phreatobacter,Phreatobacter sp017304475,GCA_017304475.1,
362,Bacteria,Pseudomonadota,Alphaproteobacteria,Rhizobiales,Rhizobiaceae,Mesorhizobium,Mesorhizobium sp024519675,GCF_024519675.1,
363,Bacteria,Pseudomonadota,Alphaproteobacteria,Rhizobiales,Xanthobacteraceae,Afipia,Afipia birgiae,GCF_000308295.2,
364,Bacteria,Pseudomonadota,Alphaproteobacteria,Rhizobiales,Xanthobacteraceae,Afipia,Afipia broomeae,GCF_000314675.2,
365,Bacteria,Pseudomonadota,Alphaproteobacteria,Rhizobiales,Xanthobacteraceae,Afipia,Afipia sp017474385,GCA_017474385.1,
366,Bacteria,Pseudomonadota,Alphaproteobacteria,Rhizobiales,Xanthobacteraceae,Bradyrhizobium,Bradyrhizobium cosmicum,GCF_007290395.1,nitrogen fixing
367,Bacteria,Pseudomonadota,Alphaproteobacteria,Rhizobiales,Xanthobacteraceae,Bradyrhizobium,Bradyrhizobium diazoefficiens_A,GCF_018129965.1,
368,Bacteria,Pseudomonadota,Alphaproteobacteria,Rhizobiales,Xanthobacteraceae,Bradyrhizobium,Bradyrhizobium sp002831585,GCF_002831585.1,
369,Bacteria,Pseudomonadota,Alphaproteobacteria,Rhizobiales,Xanthobacteraceae,Bradyrhizobium,Bradyrhizobium sp003020075,GCA_016839165.1,
370,Bacteria,Pseudomonadota,Alphaproteobacteria,Rhizobiales,Xanthobacteraceae,Bradyrhizobium,Bradyrhizobium sp030693485,GCF_030693485.1,
371,Bacteria,Pseudomonadota,Alphaproteobacteria,Rhizobiales,Xanthobacteraceae,Bradyrhizobium,Bradyrhizobium sp902826195,GCA_902826195.1,
372,Bacteria,Pseudomonadota,Alphaproteobacteria,Rhizobiales,Xanthobacteraceae,Bradyrhizobium,Bradyrhizobium symbiodeficiens,GCF_002266465.2,
373,Bacteria,Pseudomonadota,Alphaproteobacteria,Rhizobiales,Xanthobacteraceae,Tardiphaga,Tardiphaga robiniae,GCF_013359755.1,
374,Bacteria,Pseudomonadota,Alphaproteobacteria,Rhizobiales,Xanthobacteraceae,Tardiphaga,Tardiphaga sp002256345,GCA_002256345.1,
375,Bacteria,Pseudomonadota,Alphaproteobacteria,Rhizobiales,Xanthobacteraceae,Xanthobacter,Xanthobacter autotrophicus_A,GCF_005871085.1,
376,Bacteria,Pseudomonadota,Alphaproteobacteria,Rhodobacterales,Rhodobacteraceae,Cypionkella,Cypionkella sp013298675,GCA_013298675.1,
377,Bacteria,Pseudomonadota,Alphaproteobacteria,Rhodobacterales,Rhodobacteraceae,JAJNPS01,JAJNPS01 sp021155205,GCA_021155205.1,
378,Bacteria,Pseudomonadota,Alphaproteobacteria,Rhodobacterales,Rhodobacteraceae,JAUYQR01,JAUYQR01 sp030697175,GCA_030697175.1,
379,Bacteria,Pseudomonadota,Alphaproteobacteria,Rhodobacterales,Rhodobacteraceae,Stagnihabitans,Stagnihabitans antarcticus_A,GCA_945862465.1,
380,Bacteria,Pseudomonadota,Alphaproteobacteria,Rhodobacterales,Rhodobacteraceae,Stagnihabitans,Stagnihabitans sp947468085,GCA_947468085.1,
381,Bacteria,Pseudomonadota,Alphaproteobacteria,Rhodobacterales,Rhodobacteraceae,Tabrizicola,Tabrizicola sp022842145,GCF_022842145.1,
382,Bacteria,Pseudomonadota,Alphaproteobacteria,Rhodobacterales,Rhodobacteraceae,Tabrizicola,Tabrizicola sp903917595,GCA_903917595.1,
383,Bacteria,Pseudomonadota,Alphaproteobacteria,Rhodobacterales,Rhodobacteraceae,Tabrizicola,Tabrizicola sp947504705,GCA_947504705.1,
384,Bacteria,Pseudomonadota,Alphaproteobacteria,Rhodospirillales,Rhodospirillaceae,CAMDOZ01,CAMDOZ01 sp947473445,GCA_947473445.1,
385,Bacteria,Pseudomonadota,Alphaproteobacteria,Rhodospirillales,Rhodospirillaceae,GCA-2737725,GCA-2737725 sp002737725,GCA_002737725.1,
386,Bacteria,Pseudomonadota,Alphaproteobacteria,Rhodospirillales,Rhodospirillaceae,SHVO01,SHVO01 sp903888485,GCA_903888485.1,
387,Bacteria,Pseudomonadota,Alphaproteobacteria,Rickettsiales,JAGVLN01,JAGVLN01,JAGVLN01 sp945877755,GCA_945877755.1,
388,Bacteria,Pseudomonadota,Alphaproteobacteria,Rickettsiales,Midichloriaceae,Bandiella,Bandiella numerosa_B,GCF_029981845.1,
389,Bacteria,Pseudomonadota,Alphaproteobacteria,Rickettsiales,Midichloriaceae,Bandiella,Bandiella sp903887235,GCA_903887235.1,
390,Bacteria,Pseudomonadota,Alphaproteobacteria,Rickettsiales,Rickettsiaceae,GCA-2402195,GCA-2402195 sp021741285,GCA_021741285.1,
391,Bacteria,Pseudomonadota,Alphaproteobacteria,Rickettsiales,Rickettsiaceae,GCA-2402195,GCA-2402195 sp945865485,GCA_945865485.1,
392,Bacteria,Pseudomonadota,Alphaproteobacteria,Rickettsiales,Rickettsiaceae,GCA-2402195,GCA-2402195 sp945907105,GCA_945907105.1,
393,Bacteria,Pseudomonadota,Alphaproteobacteria,Rickettsiales,Rickettsiaceae,Megaera,Megaera polyxenophila,GCF_913698045.1,
394,Bacteria,Pseudomonadota,Alphaproteobacteria,Rickettsiales,Rickettsiaceae,Megaera,Megaera sp020048975,GCA_020048975.1,
395,Bacteria,Pseudomonadota,Alphaproteobacteria,Rickettsiales,Rickettsiaceae,Megaera,Megaera typhi_A,GCA_945878545.1,
396,Bacteria,Pseudomonadota,Alphaproteobacteria,Rickettsiales,Rickettsiaceae,Megaera,Megaera typhi_B,GCA_945883665.1,
397,Bacteria,Pseudomonadota,Alphaproteobacteria,Rickettsiales,UBA1997,CAILUF01,CAILUF01 sp945901265,GCA_945901265.1,
398,Bacteria,Pseudomonadota,Alphaproteobacteria,Rickettsiales,UBA1997,RFXY01,RFXY01 sp009921385,GCA_009921385.1,
399,Bacteria,Pseudomonadota,Alphaproteobacteria,Rickettsiales,UBA1997,SYAR01,SYAR01 sp945890035,GCA_945890035.1,
400,Bacteria,Pseudomonadota,Alphaproteobacteria,Rickettsiales,UBA1997,UBA2645,UBA2645 sp945906835,GCA_945906835.1,
401,Bacteria,Pseudomonadota,Alphaproteobacteria,SMXS01,SMXS01,RI-34,RI-34 sp022844405,GCA_022844405.1,
402,Bacteria,Pseudomonadota,Alphaproteobacteria,SMXS01,SMXS01,RI-34,RI-34 sp945872035,GCA_945872035.1,
403,Bacteria,Pseudomonadota,Alphaproteobacteria,Sphingomonadales,Sphingomonadaceae,Aquisediminimonas,Aquisediminimonas profunda,GCF_019443285.1,
404,Bacteria,Pseudomonadota,Alphaproteobacteria,Sphingomonadales,Sphingomonadaceae,Novosphingobium,Novosphingobium sp018334165,GCA_018334165.1,
405,Bacteria,Pseudomonadota,Alphaproteobacteria,Sphingomonadales,Sphingomonadaceae,Novosphingobium,Novosphingobium sp020404405,GCF_020404405.1,
406,Bacteria,Pseudomonadota,Alphaproteobacteria,Sphingomonadales,Sphingomonadaceae,Sandarakinorhabdus,Sandarakinorhabdus limnophila_A,GCF_945882885.1,
407,Bacteria,Pseudomonadota,Alphaproteobacteria,Sphingomonadales,Sphingomonadaceae,Sandarakinorhabdus,Sandarakinorhabdus sp903939555,GCA_903939555.1,
408,Bacteria,Pseudomonadota,Alphaproteobacteria,Sphingomonadales,Sphingomonadaceae,Sphingobium,Sphingobium sp016463275,GCF_023266575.1,
409,Bacteria,Pseudomonadota,Alphaproteobacteria,Sphingomonadales,Sphingomonadaceae,Sphingobium,Sphingobium xenophagum,GCF_000367345.1,
410,Bacteria,Pseudomonadota,Alphaproteobacteria,Sphingomonadales,Sphingomonadaceae,Sphingomonas_O,Sphingomonas_O sp002336985,GCA_002336985.1,
411,Bacteria,Pseudomonadota,Alphaproteobacteria,Sphingomonadales,Sphingomonadaceae,Sphingomonas,Sphingomonas sp000797515,GCF_000797515.1,
412,Bacteria,Pseudomonadota,Alphaproteobacteria,Sphingomonadales,Sphingomonadaceae,Sphingomonas,Sphingomonas sp001464615,GCA_001464615.1,
413,Bacteria,Pseudomonadota,Alphaproteobacteria,Sphingomonadales,Sphingomonadaceae,Sphingomonas,Sphingomonas sp002083645,GCA_002083645.1,
414,Bacteria,Pseudomonadota,Alphaproteobacteria,Sphingomonadales,Sphingomonadaceae,Sphingomonas,Sphingomonas sp903884945,GCA_903884945.1,
415,Bacteria,Pseudomonadota,Alphaproteobacteria,Sphingomonadales,Sphingomonadaceae,Sphingopyxis,Sphingopyxis sp016793775,GCA_016793775.1,
416,Bacteria,Pseudomonadota,Alphaproteobacteria,Sphingomonadales,Sphingomonadaceae,Sphingorhabdus_B,Sphingorhabdus_B lacus,GCF_009768975.1,
417,Bacteria,Pseudomonadota,Alphaproteobacteria,Sphingomonadales,Sphingomonadaceae,Sphingorhabdus_B,Sphingorhabdus_B sp013823985,GCA_013823985.1,
418,Bacteria,Pseudomonadota,Alphaproteobacteria,Sphingomonadales,Sphingomonadaceae,Sphingorhabdus_B,Sphingorhabdus_B sp029865925,GCF_029865925.1,
419,Bacteria,Pseudomonadota,Alphaproteobacteria,Sphingomonadales,Sphingomonadaceae,Sphingorhabdus_B,Sphingorhabdus_B sp945890115,GCF_945890115.1,
420,Bacteria,Pseudomonadota,Gammaproteobacteria,Berkiellales,Berkiellaceae,CANJXG01,CANJXG01 sp947478905,GCA_947478905.1,
421,Bacteria,Pseudomonadota,Gammaproteobacteria,Burkholderiales,Burkholderiaceae,Achromobacter_A,Achromobacter_A sp016462365,GCA_945903445.1,
422,Bacteria,Pseudomonadota,Gammaproteobacteria,Burkholderiales,Burkholderiaceae,Acidovorax,Acidovorax delafieldii,GCF_007993815.1,
423,Bacteria,Pseudomonadota,Gammaproteobacteria,Burkholderiales,Burkholderiaceae,Acidovorax,Acidovorax sp001424425,GCF_001424425.1,
424,Bacteria,Pseudomonadota,Gammaproteobacteria,Burkholderiales,Burkholderiaceae,Acidovorax,Acidovorax sp001428665,GCF_001428665.1,
425,Bacteria,Pseudomonadota,Gammaproteobacteria,Burkholderiales,Burkholderiaceae,Aquabacterium_A,Aquabacterium_A sp945878355,GCA_945878355.1,
426,Bacteria,Pseudomonadota,Gammaproteobacteria,Burkholderiales,Burkholderiaceae,Hydrogenophaga,Hydrogenophaga sp002127265,GCF_002127265.1,
427,Bacteria,Pseudomonadota,Gammaproteobacteria,Burkholderiales,Burkholderiaceae,Hylemonella,Hylemonella gracilis_D,GCA_945862005.1,
428,Bacteria,Pseudomonadota,Gammaproteobacteria,Burkholderiales,Burkholderiaceae,Limnohabitans_A,Limnohabitans_A sp009693505,GCA_009693505.1,
429,Bacteria,Pseudomonadota,Gammaproteobacteria,Burkholderiales,Burkholderiaceae,Limnohabitans_A,Limnohabitans_A sp937897495,GCA_937897495.1,
430,Bacteria,Pseudomonadota,Gammaproteobacteria,Burkholderiales,Burkholderiaceae,Limnohabitans_A,Limnohabitans_A sp945901045,GCA_945901045.1,
431,Bacteria,Pseudomonadota,Gammaproteobacteria,Burkholderiales,Burkholderiaceae,Limnohabitans_A,Limnohabitans_A sp947447245,GCA_947447245.1,
432,Bacteria,Pseudomonadota,Gammaproteobacteria,Burkholderiales,Burkholderiaceae,Limnohabitans,Limnohabitans parapertussis_A,GCA_945900695.1,
433,Bacteria,Pseudomonadota,Gammaproteobacteria,Burkholderiales,Burkholderiaceae,Limnohabitans,Limnohabitans sp013205525,GCA_013205525.1,
434,Bacteria,Pseudomonadota,Gammaproteobacteria,Burkholderiales,Burkholderiaceae,Limnohabitans,Limnohabitans sp945870575,GCA_945870575.1,
435,Bacteria,Pseudomonadota,Gammaproteobacteria,Burkholderiales,Burkholderiaceae,Limnohabitans,Limnohabitans sp945871945,GCA_945871945.1,
436,Bacteria,Pseudomonadota,Gammaproteobacteria,Burkholderiales,Burkholderiaceae,Limnohabitans,Limnohabitans sp945899335,GCA_945899335.1,
437,Bacteria,Pseudomonadota,Gammaproteobacteria,Burkholderiales,Burkholderiaceae,Methylibium,Methylibium sp001425905,GCF_001425905.1,
438,Bacteria,Pseudomonadota,Gammaproteobacteria,Burkholderiales,Burkholderiaceae,Noviherbaspirillum_A,Noviherbaspirillum_A suwonense,GCF_900182955.1,
439,Bacteria,Pseudomonadota,Gammaproteobacteria,Burkholderiales,Burkholderiaceae,PBB1,PBB1 sp947462175,GCA_947462175.1,
440,Bacteria,Pseudomonadota,Gammaproteobacteria,Burkholderiales,Burkholderiaceae,Paraburkholderia,Paraburkholderia fungorum,GCF_902833645.1,
441,Bacteria,Pseudomonadota,Gammaproteobacteria,Burkholderiales,Burkholderiaceae,Pelomonas,Pelomonas sp016195825,GCA_016195825.1,
442,Bacteria,Pseudomonadota,Gammaproteobacteria,Burkholderiales,Burkholderiaceae,Pigmentiphaga,Pigmentiphaga litoralis_A,GCF_013408655.1,
443,Bacteria,Pseudomonadota,Gammaproteobacteria,Burkholderiales,Burkholderiaceae,Polaromonas,Polaromonas sp002256925,GCA_002256925.1,
444,Bacteria,Pseudomonadota,Gammaproteobacteria,Burkholderiales,Burkholderiaceae,Polaromonas,Polaromonas sp016185115,GCF_016185115.1,
445,Bacteria,Pseudomonadota,Gammaproteobacteria,Burkholderiales,Burkholderiaceae,Polaromonas,Polaromonas sp945860515,GCA_945860515.1,
446,Bacteria,Pseudomonadota,Gammaproteobacteria,Burkholderiales,Burkholderiaceae,Polaromonas,Polaromonas sp945871335,GCA_945871335.1,
447,Bacteria,Pseudomonadota,Gammaproteobacteria,Burkholderiales,Burkholderiaceae,Polaromonas,Polaromonas sp947505915,GCA_947505915.1,
448,Bacteria,Pseudomonadota,Gammaproteobacteria,Burkholderiales,Burkholderiaceae,Polynucleobacter,Polynucleobacter meluiroseus_B,GCA_945864455.1,
449,Bacteria,Pseudomonadota,Gammaproteobacteria,Burkholderiales,Burkholderiaceae,Polynucleobacter,Polynucleobacter meluiroseus_C,GCA_945878885.1,
450,Bacteria,Pseudomonadota,Gammaproteobacteria,Burkholderiales,Burkholderiaceae,Polynucleobacter,Polynucleobacter meluiroseus_E,GCA_943329505.2,
451,Bacteria,Pseudomonadota,Gammaproteobacteria,Burkholderiales,Burkholderiaceae,Polynucleobacter,Polynucleobacter sp002292975,GCA_002292975.1,
452,Bacteria,Pseudomonadota,Gammaproteobacteria,Burkholderiales,Burkholderiaceae,Polynucleobacter,Polynucleobacter sp002359975,GCA_002359975.1,
453,Bacteria,Pseudomonadota,Gammaproteobacteria,Burkholderiales,Burkholderiaceae,Polynucleobacter,Polynucleobacter sp009924985,GCA_009924985.1,
454,Bacteria,Pseudomonadota,Gammaproteobacteria,Burkholderiales,Burkholderiaceae,Polynucleobacter,Polynucleobacter sp009927445,GCA_009927445.1,
455,Bacteria,Pseudomonadota,Gammaproteobacteria,Burkholderiales,Burkholderiaceae,Polynucleobacter,Polynucleobacter sp013205155,GCA_013205155.1,
456,Bacteria,Pseudomonadota,Gammaproteobacteria,Burkholderiales,Burkholderiaceae,Polynucleobacter,Polynucleobacter sp016462905,GCA_016462905.1,
457,Bacteria,Pseudomonadota,Gammaproteobacteria,Burkholderiales,Burkholderiaceae,Polynucleobacter,Polynucleobacter sp943325205,GCA_943325205.2,
458,Bacteria,Pseudomonadota,Gammaproteobacteria,Burkholderiales,Burkholderiaceae,RFPW01,RFPW01 sp009925965,GCA_009925965.1,
459,Bacteria,Pseudomonadota,Gammaproteobacteria,Burkholderiales,Burkholderiaceae,Rhodoferax_C,Rhodoferax_C aquaticus,GCF_006974105.1,
460,Bacteria,Pseudomonadota,Gammaproteobacteria,Burkholderiales,Burkholderiaceae,Rhodoferax_C,Rhodoferax_C sp004293725,GCA_004293725.1,
461,Bacteria,Pseudomonadota,Gammaproteobacteria,Burkholderiales,Burkholderiaceae,Rhodoferax_C,Rhodoferax_C sp016463455,GCA_016463455.1,
462,Bacteria,Pseudomonadota,Gammaproteobacteria,Burkholderiales,Burkholderiaceae,Rhodoferax,Rhodoferax sp009693325,GCA_009693325.1,
463,Bacteria,Pseudomonadota,Gammaproteobacteria,Burkholderiales,Burkholderiaceae,Rhodoferax,Rhodoferax sp014190675,GCA_014190675.1,
464,Bacteria,Pseudomonadota,Gammaproteobacteria,Burkholderiales,Burkholderiaceae,Rhodoferax,Rhodoferax sp018780565,GCF_018780565.1,
465,Bacteria,Pseudomonadota,Gammaproteobacteria,Burkholderiales,Burkholderiaceae,Rhodoferax,Rhodoferax sp945861195,GCA_945861195.1,
466,Bacteria,Pseudomonadota,Gammaproteobacteria,Burkholderiales,Burkholderiaceae,SYFN01,SYFN01 sp021737945,GCA_021737945.1,
467,Bacteria,Pseudomonadota,Gammaproteobacteria,Burkholderiales,Burkholderiaceae,SYFN01,SYFN01 sp945866125,GCA_945866125.1,
468,Bacteria,Pseudomonadota,Gammaproteobacteria,Burkholderiales,Burkholderiaceae,SYFN01,SYFN01 sp947451925,GCA_947451925.1,
469,Bacteria,Pseudomonadota,Gammaproteobacteria,Burkholderiales,Burkholderiaceae,UBA4615,UBA4615 sp026399835,GCA_026399835.1,
470,Bacteria,Pseudomonadota,Gammaproteobacteria,Burkholderiales,Burkholderiaceae,Undibacterium,Undibacterium curvum,GCF_014284235.1,
471,Bacteria,Pseudomonadota,Gammaproteobacteria,Burkholderiales,Burkholderiaceae,Undibacterium,Undibacterium parvum,GCF_003955735.1,
472,Bacteria,Pseudomonadota,Gammaproteobacteria,Burkholderiales,Burkholderiaceae,Undibacterium,Undibacterium sp009937955,GCF_009937955.1,
473,Bacteria,Pseudomonadota,Gammaproteobacteria,Burkholderiales,Burkholderiaceae,Undibacterium,Undibacterium sp947464955,GCA_947464955.1,
474,Bacteria,Pseudomonadota,Gammaproteobacteria,Burkholderiales,Burkholderiaceae,Undibacterium,Undibacterium umbellatum,GCF_014284125.1,
475,Bacteria,Pseudomonadota,Gammaproteobacteria,Burkholderiales,Burkholderiaceae,Variovorax,Variovorax sp004211245,GCA_004211245.1,
476,Bacteria,Pseudomonadota,Gammaproteobacteria,Burkholderiales,Burkholderiaceae,Variovorax,Variovorax sp900115375,GCA_016806145.1,
477,Bacteria,Pseudomonadota,Gammaproteobacteria,Burkholderiales,Burkholderiaceae,Zwartia,Zwartia parapertussis_B,GCA_945887835.1,
478,Bacteria,Pseudomonadota,Gammaproteobacteria,Burkholderiales,Burkholderiaceae,Zwartia,Zwartia parapertussis_D,GCA_945872285.1,
479,Bacteria,Pseudomonadota,Gammaproteobacteria,Burkholderiales,Burkholderiaceae,Zwartia,Zwartia parapertussis_F,GCA_945869355.1,
480,Bacteria,Pseudomonadota,Gammaproteobacteria,Burkholderiales,Burkholderiaceae,Zwartia,Zwartia sp013205565,GCA_013205565.1,
481,Bacteria,Pseudomonadota,Gammaproteobacteria,Burkholderiales,Ga0077523,Ga0077523,Ga0077523 sp963205165,GCA_963205165.1,
482,Bacteria,Pseudomonadota,Gammaproteobacteria,Burkholderiales,Methylophilaceae,Methylopumilus,Methylopumilus planktonicus_A,GCF_006364715.1,
483,Bacteria,Pseudomonadota,Gammaproteobacteria,Burkholderiales,Methylophilaceae,Methylopumilus,Methylopumilus sp903914945,GCA_903914945.1,
484,Bacteria,Pseudomonadota,Gammaproteobacteria,Burkholderiales,Methylophilaceae,Methylopumilus,Methylopumilus sp947499625,GCA_947499625.1,
485,Bacteria,Pseudomonadota,Gammaproteobacteria,Burkholderiales,Nitrosomonadaceae,BJGV01,BJGV01 sp014190895,GCA_014190895.1,
486,Bacteria,Pseudomonadota,Gammaproteobacteria,Burkholderiales,Nitrosomonadaceae,Nitrosomonas,Nitrosomonas sp019752415,GCF_019752415.1,
487,Bacteria,Pseudomonadota,Gammaproteobacteria,Burkholderiales,Nitrosomonadaceae,Nitrosomonas,Nitrosomonas sp021731985,GCF_021731985.1,
488,Bacteria,Pseudomonadota,Gammaproteobacteria,Burkholderiales,Nitrosomonadaceae,Nitrosomonas,Nitrosomonas sp024282095,GCF_024282095.1,
489,Bacteria,Pseudomonadota,Gammaproteobacteria,Burkholderiales,Nitrosomonadaceae,Nitrosomonas,Nitrosomonas ureae_D,GCA_945872825.1,
490,Bacteria,Pseudomonadota,Gammaproteobacteria,Burkholderiales,Nitrosomonadaceae,Nitrosospira,Nitrosospira multiformis_D,GCF_900103165.1,
491,Bacteria,Pseudomonadota,Gammaproteobacteria,Burkholderiales,Nitrosomonadaceae,VFJL01,VFJL01 sp013450215,GCA_013450215.1,
492,Bacteria,Pseudomonadota,Gammaproteobacteria,Burkholderiales,Nitrosomonadaceae,VFJL01,VFJL01 sp903957805,GCA_903957805.1,
493,Bacteria,Pseudomonadota,Gammaproteobacteria,Burkholderiales,Nitrosomonadaceae,VFJL01,VFJL01 sp945888885,GCA_945888885.1,
494,Bacteria,Pseudomonadota,Gammaproteobacteria,Burkholderiales,Rhodocyclaceae,Rugosibacter,Rugosibacter sp004322535,GCA_004322535.1,
495,Bacteria,Pseudomonadota,Gammaproteobacteria,Burkholderiales,Rhodocyclaceae,Rugosibacter,Rugosibacter sp016235025,GCA_016235025.1,
496,Bacteria,Pseudomonadota,Gammaproteobacteria,Burkholderiales,SG8-39,2-02-FULL-62-17,2-02-FULL-62-17 sp945897475,GCA_945897475.1,
497,Bacteria,Pseudomonadota,Gammaproteobacteria,Burkholderiales,SG8-39,CAITSH01,CAITSH01 sp945906975,GCA_945906975.1,
498,Bacteria,Pseudomonadota,Gammaproteobacteria,Burkholderiales,SG8-39,CAIYPG01,CAIYPG01 sp947478805,GCA_947478805.1,
499,Bacteria,Pseudomonadota,Gammaproteobacteria,Burkholderiales,SG8-39,SZAS-79,SZAS-79 sp945862265,GCA_945862265.1,
500,Bacteria,Pseudomonadota,Gammaproteobacteria,Burkholderiales,SG8-41,PALSA-1004,PALSA-1004 sp945870465,GCA_945870465.1,
501,Bacteria,Pseudomonadota,Gammaproteobacteria,Burkholderiales,SG8-41,PALSA-1004,PALSA-1004 sp945906935,GCA_945906935.1,
502,Bacteria,Pseudomonadota,Gammaproteobacteria,Burkholderiales,SG8-41,UBA5216,UBA5216 sp945865805,GCA_945865805.1,
503,Bacteria,Pseudomonadota,Gammaproteobacteria,CANJVU01,CANJVU01,CANJVU01,CANJVU01 sp947478525,GCA_947478525.1,
504,Bacteria,Pseudomonadota,Gammaproteobacteria,Diplorickettsiales,Diplorickettsiaceae,Aquirickettsiella,Aquirickettsiella gammari,GCA_002290645.2,
505,Bacteria,Pseudomonadota,Gammaproteobacteria,Enterobacterales,Enterobacteriaceae,Klebsiella,Klebsiella pneumoniae,GCF_000742135.1,
506,Bacteria,Pseudomonadota,Gammaproteobacteria,GCA-2729495,GCA-2729495,SHZI01,SHZI01 sp945872065,GCA_945872065.1,
507,Bacteria,Pseudomonadota,Gammaproteobacteria,Ga0077536,Ga0077536,Ga0077536,Ga0077536 sp945862315,GCA_945862315.1,
508,Bacteria,Pseudomonadota,Gammaproteobacteria,Legionellales,Legionellaceae,GCA-2786165,GCA-2786165 sp903877115,GCA_903877115.1,
509,Bacteria,Pseudomonadota,Gammaproteobacteria,Legionellales,Legionellaceae,GCA-2786165,GCA-2786165 sp945878975,GCA_945878975.1,
510,Bacteria,Pseudomonadota,Gammaproteobacteria,Legionellales,Legionellaceae,JAGVJT01,JAGVJT01 sp947470005,GCA_947470005.1,
511,Bacteria,Pseudomonadota,Gammaproteobacteria,Pseudomonadales,Azotimanducaceae_A,SYFY01,SYFY01 sp945878745,GCA_945878745.1,
512,Bacteria,Pseudomonadota,Gammaproteobacteria,Pseudomonadales,Moraxellaceae,Acinetobacter,Acinetobacter baumannii,GCF_009759685.1,
513,Bacteria,Pseudomonadota,Gammaproteobacteria,Pseudomonadales,Moraxellaceae,Acinetobacter,Acinetobacter fasciculus,GCF_011058205.1,
514,Bacteria,Pseudomonadota,Gammaproteobacteria,Pseudomonadales,Moraxellaceae,Acinetobacter,Acinetobacter lwoffii_N,GCA_002332985.1,
515,Bacteria,Pseudomonadota,Gammaproteobacteria,Pseudomonadales,Moraxellaceae,Acinetobacter,Acinetobacter sp002367455,GCF_022967985.1,
516,Bacteria,Pseudomonadota,Gammaproteobacteria,Pseudomonadales,Moraxellaceae,Perlucidibaca,Perlucidibaca aquatica,GCF_001676655.1,
517,Bacteria,Pseudomonadota,Gammaproteobacteria,Pseudomonadales,Porticoccaceae,JAGPUQ01,JAGPUQ01 sp016191205,GCA_016191205.1,
518,Bacteria,Pseudomonadota,Gammaproteobacteria,Pseudomonadales,Pseudohongiellaceae,CAILUG01,CAILUG01 sp903844415,GCA_947477655.1,
519,Bacteria,Pseudomonadota,Gammaproteobacteria,Pseudomonadales,Pseudohongiellaceae,UBA9145,UBA9145 sp009692305,GCA_009692305.1,
520,Bacteria,Pseudomonadota,Gammaproteobacteria,Pseudomonadales,Pseudomonadaceae,Pseudomonas_E,Pseudomonas_E arsenicoxydans,GCF_900103875.1,
521,Bacteria,Pseudomonadota,Gammaproteobacteria,Pseudomonadales,Pseudomonadaceae,Pseudomonas_E,Pseudomonas_E fluorescens_BJ,GCF_902498065.1,
522,Bacteria,Pseudomonadota,Gammaproteobacteria,Pseudomonadales,Pseudomonadaceae,Pseudomonas_E,Pseudomonas_E frederiksbergensis,GCF_900105495.1,
523,Bacteria,Pseudomonadota,Gammaproteobacteria,Pseudomonadales,Pseudomonadaceae,Pseudomonas_E,Pseudomonas_E iridis,GCF_025397885.1,
524,Bacteria,Pseudomonadota,Gammaproteobacteria,Pseudomonadales,Pseudomonadaceae,Pseudomonas_E,Pseudomonas_E mandelii,GCF_900106065.1,
525,Bacteria,Pseudomonadota,Gammaproteobacteria,Pseudomonadales,Pseudomonadaceae,Pseudomonas_E,Pseudomonas_E mucoides,GCF_015461845.1,
526,Bacteria,Pseudomonadota,Gammaproteobacteria,Pseudomonadales,Pseudomonadaceae,Pseudomonas_E,Pseudomonas_E parakoreensis,GCF_021602155.1,
527,Bacteria,Pseudomonadota,Gammaproteobacteria,Pseudomonadales,Pseudomonadaceae,Pseudomonas_E,Pseudomonas_E putida_A,GCF_004683905.1,
528,Bacteria,Pseudomonadota,Gammaproteobacteria,Pseudomonadales,Pseudomonadaceae,Pseudomonas_E,Pseudomonas_E rhodesiae,GCF_007858255.1,
529,Bacteria,Pseudomonadota,Gammaproteobacteria,Pseudomonadales,Pseudomonadaceae,Pseudomonas_E,Pseudomonas_E siliginis,GCF_019145195.1,
530,Bacteria,Pseudomonadota,Gammaproteobacteria,Pseudomonadales,Pseudomonadaceae,Pseudomonas_E,Pseudomonas_E sp002836515,GCF_002836515.1,
531,Bacteria,Pseudomonadota,Gammaproteobacteria,Pseudomonadales,Pseudomonadaceae,Pseudomonas_E,Pseudomonas_E sp010095445,GCF_010095445.2,
532,Bacteria,Pseudomonadota,Gammaproteobacteria,Pseudomonadales,Pseudomonadaceae,Pseudomonas_E,Pseudomonas_E sp900187425,GCF_900187425.1,
533,Bacteria,Pseudomonadota,Gammaproteobacteria,Pseudomonadales,UBA5518,UBA5518,UBA5518 sp945862145,GCA_945862145.1,
534,Bacteria,Pseudomonadota,Gammaproteobacteria,Steroidobacterales,Steroidobacteraceae,UBA964,UBA964 sp009692285,GCA_009692285.1,
535,Bacteria,Pseudomonadota,Gammaproteobacteria,Steroidobacterales,Steroidobacteraceae,UBA964,UBA964 sp945860725,GCA_945860725.1,
536,Bacteria,Pseudomonadota,Gammaproteobacteria,UBA1113,UBA1113,VFKP01,VFKP01 sp009885895,GCA_009885895.1,
537,Bacteria,Pseudomonadota,Gammaproteobacteria,UBA1113,UBA1113,VFKP01,VFKP01 sp009885935,GCA_009885935.1,
538,Bacteria,Pseudomonadota,Gammaproteobacteria,Xanthomonadales,SZUA-36,SHZL01,SHZL01 sp009692275,GCA_009692275.1,
539,Bacteria,Pseudomonadota,Gammaproteobacteria,Xanthomonadales,Xanthomonadaceae,Lysobacter,Lysobacter sp004322525,GCA_004322525.1,
540,Bacteria,Spirochaetota,Leptospirae,Leptospirales,Leptospiraceae,UBA2033,UBA2033 sp025360185,GCA_025360185.1,
541,Bacteria,Verrucomicrobiota,Kiritimatiellia,UBA8416,JAIOPI01,JAIOPI01,JAIOPI01 sp945949405,GCA_945949405.1,
542,Bacteria,Verrucomicrobiota,Verrucomicrobiae,Chthoniobacterales,Chthoniobacteraceae,Chthoniobacter,Chthoniobacter sp903874975,GCA_903874975.1,
543,Bacteria,Verrucomicrobiota,Verrucomicrobiae,Chthoniobacterales,Chthoniobacteraceae,SXWH01,SXWH01 sp014189875,GCA_014189875.1,
544,Bacteria,Verrucomicrobiota,Verrucomicrobiae,Chthoniobacterales,Chthoniobacteraceae,SXWH01,SXWH01 sp945868985,GCA_945868985.1,
545,Bacteria,Verrucomicrobiota,Verrucomicrobiae,Chthoniobacterales,Chthoniobacteraceae,SXWH01,SXWH01 sp945905735,GCA_945905735.1,
546,Bacteria,Verrucomicrobiota,Verrucomicrobiae,Chthoniobacterales,JACTMZ01,JACTMZ01,JACTMZ01 sp945871065,GCA_945871065.1,
547,Bacteria,Verrucomicrobiota,Verrucomicrobiae,Chthoniobacterales,Terrimicrobiaceae,UBA967,UBA967 sp002290555,GCA_002290555.1,
548,Bacteria,Verrucomicrobiota,Verrucomicrobiae,Chthoniobacterales,Terrimicrobiaceae,UBA967,UBA967 sp009886045,GCA_009886045.1,
549,Bacteria,Verrucomicrobiota,Verrucomicrobiae,Chthoniobacterales,Terrimicrobiaceae,UBA967,UBA967 sp945903555,GCA_945903555.1,
550,Bacteria,Verrucomicrobiota,Verrucomicrobiae,Chthoniobacterales,UBA6821,CAIWMF01,CAIWMF01 sp008932965,GCA_008932965.1,
551,Bacteria,Verrucomicrobiota,Verrucomicrobiae,Chthoniobacterales,UBA6821,CAIWMF01,CAIWMF01 sp026398175,GCA_026398175.1,
552,Bacteria,Verrucomicrobiota,Verrucomicrobiae,Chthoniobacterales,UBA6821,UBA6821,UBA6821 sp947487385,GCA_947487385.1,
553,Bacteria,Verrucomicrobiota,Verrucomicrobiae,Limisphaerales,JADJPG01,JADJPG01,JADJPG01 sp943332515,GCA_943332515.1,
554,Bacteria,Verrucomicrobiota,Verrucomicrobiae,Limisphaerales,SIAT01,SIAT01,SIAT01 sp945860945,GCA_945860945.1,
555,Bacteria,Verrucomicrobiota,Verrucomicrobiae,Limisphaerales,SIBH01,SIBH01,SIBH01 sp947502425,GCA_947502425.1,
556,Bacteria,Verrucomicrobiota,Verrucomicrobiae,Limisphaerales,SXQI01,SXQI01,SXQI01 sp008933045,GCA_008933045.1,
557,Bacteria,Verrucomicrobiota,Verrucomicrobiae,Limisphaerales,SXTU01,SXTU01,SXTU01 sp945872195,GCA_945872195.1,
558,Bacteria,Verrucomicrobiota,Verrucomicrobiae,Limisphaerales,UBA11320,UBA11320,UBA11320 sp945861575,GCA_945861575.1,
559,Bacteria,Verrucomicrobiota,Verrucomicrobiae,Limisphaerales,UBA11358,JADLHS01,JADLHS01 sp945882065,GCA_945882065.1,
560,Bacteria,Verrucomicrobiota,Verrucomicrobiae,Limisphaerales,UBA9464,CAIVQB01,CAIVQB01 sp903916195,GCA_903916195.1,
561,Bacteria,Verrucomicrobiota,Verrucomicrobiae,Limisphaerales,UBA9464,SIBK01,SIBK01 sp945861565,GCA_945861565.1,
562,Bacteria,Verrucomicrobiota,Verrucomicrobiae,Limisphaerales,UBA9464,SXXZ01,SXXZ01 sp005789375,GCA_005789375.1,
563,Bacteria,Verrucomicrobiota,Verrucomicrobiae,Limisphaerales,UBA9464,SXXZ01,SXXZ01 sp945893185,GCA_945893185.1,
564,Bacteria,Verrucomicrobiota,Verrucomicrobiae,Limisphaerales,UBA9464,SXXZ01,SXXZ01 sp945898055,GCA_945898055.1,
565,Bacteria,Verrucomicrobiota,Verrucomicrobiae,Limisphaerales,UBA9464,UBA6176,UBA6176 sp945873715,GCA_945873715.1,
566,Bacteria,Verrucomicrobiota,Verrucomicrobiae,Methylacidiphilales,CAMAQI01,CAMAQI01,CAMAQI01 sp945877805,GCA_945877805.1,
567,Bacteria,Verrucomicrobiota,Verrucomicrobiae,Methylacidiphilales,UBA3015,UBA3015,UBA3015 sp030054195,GCA_030054195.1,
568,Bacteria,Verrucomicrobiota,Verrucomicrobiae,Methylacidiphilales,UBA3015,UBA3015,UBA3015 sp903956835,GCA_903956835.1,
569,Bacteria,Verrucomicrobiota,Verrucomicrobiae,Methylacidiphilales,UBA3015,UBA3015,UBA3015 sp945866245,GCA_945866245.1,
570,Bacteria,Verrucomicrobiota,Verrucomicrobiae,Methylacidiphilales,UBA3015,UBA3015,UBA3015 sp945873585,GCA_945873585.1,
571,Bacteria,Verrucomicrobiota,Verrucomicrobiae,Methylacidiphilales,UBA3015,UBA3015,UBA3015 sp945876115,GCA_945876115.1,
572,Bacteria,Verrucomicrobiota,Verrucomicrobiae,Methylacidiphilales,UBA3015,UBA3015,UBA3015 sp947441075,GCA_947441075.1,
573,Bacteria,Verrucomicrobiota,Verrucomicrobiae,Methylacidiphilales,UBA3015,UBA3015,UBA3015 sp947466515,GCA_947466515.1,
574,Bacteria,Verrucomicrobiota,Verrucomicrobiae,Opitutales,Opitutaceae,ER46,ER46 sp945861235,GCA_945861235.1,
575,Bacteria,Verrucomicrobiota,Verrucomicrobiae,Opitutales,Opitutaceae,IMCC26134_A,IMCC26134_A sp945898185,GCA_945898185.1,
576,Bacteria,Verrucomicrobiota,Verrucomicrobiae,Opitutales,Opitutaceae,Lacunisphaera,Lacunisphaera sp002304425,GCA_002304425.1,
577,Bacteria,Verrucomicrobiota,Verrucomicrobiae,Opitutales,Opitutaceae,Lacunisphaera,Lacunisphaera sp945861645,GCA_945861645.1,
578,Bacteria,Verrucomicrobiota,Verrucomicrobiae,Opitutales,Opitutaceae,Tous-C4FEB,Tous-C4FEB sp945869845,GCA_945869845.1,
579,Bacteria,Verrucomicrobiota,Verrucomicrobiae,Opitutales,Opitutaceae,Tous-C4FEB,Tous-C4FEB sp945882935,GCA_945882935.1,
580,Bacteria,Verrucomicrobiota,Verrucomicrobiae,Opitutales,UBA953,UBA953,UBA953 sp003569205,GCA_003569205.1,
581,Bacteria,Verrucomicrobiota,Verrucomicrobiae,Opitutales,UBA953,UBA953,UBA953 sp016463705,GCA_016463705.1,
582,Bacteria,Verrucomicrobiota,Verrucomicrobiae,Opitutales,UBA953,UBA953,UBA953 sp945866215,GCA_945866215.1,
583,Bacteria,Verrucomicrobiota,Verrucomicrobiae,Opitutales,UBA953,UBA953,UBA953 sp945906115,GCA_945906115.1,
584,Bacteria,Verrucomicrobiota,Verrucomicrobiae,Verrucomicrobiales,Akkermansiaceae,Haloferula,Haloferula sp002304315,GCA_002304315.1,
585,Bacteria,Verrucomicrobiota,Verrucomicrobiae,Verrucomicrobiales,Akkermansiaceae,Luteolibacter,Luteolibacter sp009885905,GCA_009885905.1,
586,Bacteria,Verrucomicrobiota,Verrucomicrobiae,Verrucomicrobiales,Akkermansiaceae,Luteolibacter,Luteolibacter sp029866215,GCA_029866215.1,
587,Bacteria,Verrucomicrobiota,Verrucomicrobiae,Verrucomicrobiales,Akkermansiaceae,Luteolibacter,Luteolibacter sp945870855,GCA_945870855.1,
588,Bacteria,Verrucomicrobiota,Verrucomicrobiae,Verrucomicrobiales,Akkermansiaceae,Luteolibacter,Luteolibacter sp945885485,GCA_945885485.1,
589,Bacteria,Verrucomicrobiota,Verrucomicrobiae,Verrucomicrobiales,Akkermansiaceae,UBA956,UBA956 sp903878115,GCA_903878115.1,
590,Bacteria,Verrucomicrobiota,Verrucomicrobiae,Verrucomicrobiales,V1-33,CAIZWU01,CAIZWU01 sp945900785,GCA_945900785.1,
591,Bacteria,Verrucomicrobiota,Verrucomicrobiae,Verrucomicrobiales,V1-33,JAGNEJ01,JAGNEJ01 sp943333275,GCA_943333275.1,
592,Bacteria,Verrucomicrobiota,Verrucomicrobiae,Verrucomicrobiales,Verrucomicrobiaceae,JAGRPD01,JAGRPD01 sp029865835,GCA_029865835.1,
593,Bacteria,Verrucomicrobiota,Verrucomicrobiae,Verrucomicrobiales,Verrucomicrobiaceae,Prosthecobacter,Prosthecobacter debontii_B,GCA_945860295.1,
594,Bacteria,Verrucomicrobiota,Verrucomicrobiae,Verrucomicrobiales,Verrucomicrobiaceae,Prosthecobacter,Prosthecobacter sp026397605,GCA_026397605.1,
595,Bacteria,Verrucomicrobiota,Verrucomicrobiae,Verrucomicrobiales,Verrucomicrobiaceae,Verrucomicrobium,Verrucomicrobium sp009885275,GCA_009885275.1,
